yq,GDP,Consumption,Investment..nonres.,Exports,Imports,GDP.Deflator,PCE.Price.Index,Core.PCE.Price.Index,CPI.U,Potential.GDP,Real.Govt..Consumption.Expenditures...Gross.Investment,Payroll.Employment,Labor.Force,Wages,Unemployment.Rate,Fed.Funds.Rate,TR3m.Rate,TR10y.Rate,TR1y.Rate,Moody.s.Aaa,Industrial.Production,Cleveland.Fed.10.yr.Inflation.Expectations,Economic.Policy.Uncertainty.Index,WTI.Spot.Oil.Price
1986 Q1,8749.126999999999,5531.807000000002,1224.4040000000005,412.4589999999995,569.5269999999999,51.523999999999994,51.047000000000004,51.24100000000001,109.567,876.3169214999992,2243.464,98837.66666666664,116928.00000000001,2065.464,7.033333333333334,7.826666666666667,6.8966666666666665,8.556666666666667,7.456666666666667,9.573333333333334,55.260499999999986,3.997907366666667,158.53290000000007,17
1986 Q2,8788.523999999994,5592.079999999996,1203.028,416.8989999999999,593.759,51.718999999999994,50.99300000000001,51.592,109.033,883.5903368000006,2290.2270000000017,99174.66666666654,117642.66666666658,2083.630999999999,7.166666666666668,6.92,6.14,7.6033333333333335,6.606666666666667,9.003333333333334,54.93363333333333,3.696226466666667,135.1719833333333,13.88333333333333
1986 Q3,8872.601000000002,5690.971000000002,1170.6669999999988,426.44099999999986,610.2170000000003,51.931,51.26299999999999,51.946999999999996,109.70000000000005,890.8212172,2340.1149999999984,99664.99999999999,118224.66666666663,2113.131,6.966666666666666,6.206666666666666,5.523333333333333,7.306666666666667,5.989999999999998,8.83,55.154433333333316,3.5798593666666663,130.56348666666662,13.853333333333325
1986 Q4,8920.192999999994,5725.812,1174.1710000000014,442.37299999999993,614.9529999999997,52.214000000000006,51.57300000000001,52.370000000000005,110.46700000000003,898.0832855000008,2330.4490000000005,100312.66666666663,118587,2154.2419999999993,6.833333333333332,6.266666666666667,5.3533333333333335,7.263333333333334,5.796666666666668,8.676666666666666,55.780999999999985,3.5567019666666666,111.83255666666666,15.410000000000002
1987 Q1,8986.367000000006,5731.225999999998,1205.8579999999995,442.76700000000005,611.3480000000002,52.547999999999995,52.06100000000001,52.701000000000015,111.79999999999998,905.3334811000007,2344.1180000000013,100920.33333333326,119078.99999999996,2194.2559999999994,6.6,6.22,5.536666666666666,7.193333333333333,5.923333333333334,8.366666666666667,56.51399999999998,3.4771669666666667,117.78145666666666,18.23333333333333
1987 Q2,9083.256000000005,5809.376000000003,1206.4860000000006,461.00800000000015,626.6430000000003,52.91199999999998,52.564,53.212999999999994,113.06699999999996,912.5620753,2362.291,101708.99999999997,119662.66666666695,2231.433999999998,6.266666666666667,6.65,5.656666666666666,8.343333333333334,6.766666666666667,9.166666666666666,57.52586666666666,3.8370295,114.02017666666666,19.396666666666672
1987 Q3,9162.024000000001,5875.640999999998,1206.6620000000003,481.0190000000001,638.8580000000001,53.31300000000001,53.062000000000005,53.69,114.26700000000004,919.7770225000007,2364.7690000000007,102438.00000000004,120076.99999999994,2271.9649999999997,6,6.843333333333334,6.043333333333334,8.876666666666667,7.126666666666668,9.756666666666666,58.609766666666665,4.055719933333333,86.72245000000002,20.393333333333338
1987 Q4,9319.332,5888.065000000004,1288.8809999999999,498.9640000000001,653.5479999999998,53.73799999999999,53.52000000000001,54.23499999999999,115.33300000000001,927.0501461999999,2400.223000000001,103390.33333333312,120592.66666666673,2332.8350000000005,5.833333333333332,6.916666666666668,5.863333333333333,9.123333333333333,7.24,10.213333333333333,60.00699999999998,4.228589933333334,144.83260666666663,18.663333333333334
1988 Q1,9367.502000000004,5992.100999999996,1227.0080000000003,526.6729999999997,650.4699999999999,54.159,53.943,54.759000000000015,116.23300000000002,934.3141537999993,2380.1980000000003,104151.99999999983,121012.66666666661,2367.0960000000005,5.7,6.663333333333332,5.723333333333334,8.416666666666666,6.78,9.556666666666667,60.555466666666675,3.959560333333333,117.71941333333334,16.71
1988 Q2,9490.593999999996,6036.354999999999,1256.2429999999997,541.4319999999998,642.9779999999992,54.68600000000002,54.53900000000001,55.421999999999976,117.56699999999995,941.6313105999992,2387.303000000001,105006.66666666676,121264.99999999997,2422.4620000000023,5.466666666666666,7.156666666666666,6.21,8.91,7.3,9.81,61.08459999999999,4.068103333333333,99.86140333333336,17.270000000000003
1988 Q3,9546.205999999996,6090.001000000003,1263.222,552.101,658.1479999999998,55.34000000000002,55.21,56.061,119.00000000000003,948.9692043999991,2387.5780000000004,105745.66666666672,121916.6666666667,2463.570999999999,5.466666666666666,7.983333333333333,7.01,9.1,8.003333333333334,9.963333333333333,61.30886666666669,4.111782766666667,93.29817333333335,15.186666666666667
1988 Q4,9673.405000000004,6159.246,1282.4990000000005,568.9529999999999,678.1970000000001,55.81800000000001,55.76899999999999,56.686999999999976,120.30000000000003,956.3580516,2433.9000000000005,106596.99999999996,122488.33333333331,2509.4669999999996,5.333333333333332,8.47,7.726666666666667,8.956666666666667,8.526666666666667,9.51,61.74626666666667,4.0578042666666665,105.28566666666666,14.763333333333343
1989 Q1,9771.724999999997,6187.816000000003,1326.0289999999995,585.946,681.3509999999998,56.400000000000006,56.41000000000002,57.305999999999976,121.66700000000002,963.7655055000001,2423.185,107403.00000000013,123250.66666666688,2541.871999999999,5.2,9.443333333333333,8.54,9.206666666666667,9.290000000000001,9.686666666666667,62.036700000000025,4.2691099333333336,95.71195666666668,18.48
1989 Q2,9846.293000000003,6216.694999999997,1313.2020000000002,611.5999999999999,684.5810000000002,57.00100000000001,57.16900000000001,57.82700000000001,123.63299999999998,971.1862488000006,2460.4410000000003,107910.3333333332,123678.00000000006,2564.6890000000026,5.233333333333333,9.726666666666667,8.41,8.773333333333333,8.926666666666666,9.486666666666666,61.800566666666654,4.108587933333333,97.17294666666672,20.413333333333345
1989 Q3,9919.228000000005,6276.876999999998,1301.4120000000012,617.8480000000006,683.6500000000001,57.416999999999994,57.50600000000001,58.256999999999984,124.59999999999998,978.6059985000004,2482.562,108186.00000000006,124025.66666666666,2593.5250000000005,5.233333333333333,9.083333333333334,7.843333333333334,8.106666666666666,8.096666666666668,8.966666666666667,61.41789999999999,3.7059770666666667,90.4495,19.316666666666677
1989 Q4,9938.767000000005,6304.157000000003,1291.7580000000003,627.1999999999999,696.0189999999996,57.82599999999999,57.95900000000001,58.791000000000004,125.86700000000003,986.0011412000001,2495.007000000001,108687.99999999974,124448.33333333315,2637.2580000000003,5.366666666666667,8.613333333333333,7.653333333333333,7.906666666666666,7.826666666666666,8.89,61.65609999999999,3.725734766666667,102.18034999999998,20.35333333333334
1990 Q1,10047.386000000002,6357.213000000002,1304.5860000000005,654.4390000000001,718.0910000000003,58.45000000000001,58.79899999999998,59.46800000000002,128.033,993.3160668000006,2534.913000000001,109423.99999999991,125781.33333333337,2686.5909999999994,5.3,8.25,7.76,8.423333333333334,8.126666666666667,9.193333333333333,62.107299999999995,3.9067440000000007,92.00513999999998,21.78666666666666
1990 Q2,10083.855000000003,6376.578999999996,1304.9929999999988,662.5769999999998,716.8869999999996,59.105000000000004,59.332999999999984,60.13199999999998,129.29999999999995,1000.5191000000008,2538.9159999999993,109783.99999999984,125705.00000000004,2741.0340000000006,5.333333333333334,8.243333333333332,7.746666666666667,8.676666666666666,8.273333333333333,9.3966666666666665,62.54476666666666,4.016122833333333,105.24212999999997,17.776666666666667
1990 Q3,10090.568999999992,6401.840999999998,1279.6950000000015,667.5920000000001,713.992,59.61099999999998,60.086999999999996,60.74000000000003,131.53300000000002,1007.5351930000003,2542.9629999999997,109647.99999999985,125871.33333333334,2771.6240000000016,5.7,8.16,7.476666666666667,8.703333333333333,7.826666666666667,9.403333333333334,62.79926666666666,3.9209755333333334,137.14338333333328,26.423333333333325
1990 Q4,9998.704000000003,6353.138999999998,1208.1069999999997,673.4700000000001,694.8440000000003,60.05499999999999,60.88099999999998,61.250000000000014,133.76700000000002,1014.360707999999,2559.9640000000013,109255.66666666666,126069.0000000001,2774.7729999999997,6.133333333333334,7.743333333333334,6.99,8.3966666666666665,7.303333333333333,9.293333333333333,61.834433333333315,3.9430409,140.29852999999997,31.88333333333335
1991 Q1,9951.916000000001,6329.248999999999,1167.9080000000001,677.5840000000002,686.9260000000004,60.642999999999994,61.202,61.79300000000001,134.76699999999994,1021.0313800000006,2575.2200000000007,108787.00000000001,126070.99999999994,2774.065,6.6,6.426666666666666,6.023333333333333,8.016666666666666,6.4366666666666665,8.933333333333334,60.67340000000002,3.7995597333333335,135.63259000000002,21.87
1991 Q2,10029.510000000004,6381.703000000004,1167.9040000000005,702.2890000000002,699.1350000000001,61.08800000000001,61.535999999999994,62.26999999999998,135.56699999999995,1027.538433000001,2585.6929999999993,108311.00000000025,126351.66666666666,2802.804999999999,6.833333333333334,5.863333333333333,5.56,8.129999999999999,6.243333333333334,8.91,61.02083333333334,3.804561366666667,99.64598333333329,20.750000000000004
1991 Q3,10080.195,6413.521000000003,1191.028,718.9139999999999,718.8099999999998,61.56599999999998,61.95399999999998,62.829999999999984,136.6,1033.9401660000008,2578.4539999999993,108308.00000000016,126317.99999999997,2830.887000000001,6.866666666666667,5.6433333333333335,5.376666666666668,7.94,5.886666666666667,8.786666666666667,61.89530000000001,3.812109733333333,103.72497999999999,21.66
1991 Q4,10115.329000000003,6410.311999999999,1233.261,735.1019999999999,734.689,61.93100000000002,62.40299999999999,63.32499999999998,137.733,1040.3443069999994,2559.5839999999994,108330.33333333326,126669,2861.1590000000006,7.1,4.816666666666666,4.54,7.346666666666667,4.866666666666666,8.446666666666667,62.02240000000001,3.5462250666666666,122.59656,21.729999999999997
1992 Q1,10236.434999999992,6530.334999999995,1210.4779999999998,748.3920000000003,740.0260000000001,62.160999999999994,62.79499999999998,63.809,138.667,1046.7532239999998,2582.2799999999984,108348.33333333342,127357.33333333326,2915.8520000000008,7.366666666666667,4.023333333333333,3.893333333333333,7.303333333333334,4.3566666666666665,8.28,61.94726666666668,3.517993333333334,108.81447666666666,18.906666666666666
1992 Q2,10347.428999999991,6574.665000000005,1278.9349999999995,748.7480000000004,752.1919999999992,62.53499999999999,63.211999999999975,64.25999999999999,139.73300000000006,1053.2401789999992,2577.2849999999985,108623.66666666673,128139.66666666661,2954.9820000000022,7.6,3.77,3.68,7.376666666666668,4.22,8.276666666666667,63.069699999999976,3.6332184,102.26879666666669,21.200000000000003
1992 Q3,10449.673000000003,6645.140000000001,1289.1010000000003,764.6149999999994,764.049,62.84100000000001,63.615,64.64000000000001,140.80000000000007,1059.8617060000006,2593.701,108886.66666666666,128558.9999999999,2979.4340000000025,7.633333333333333,3.256666666666667,3.083333333333334,6.616666666666666,3.416666666666667,7.98,63.56613333333334,3.323485333333333,121.28068999999998,21.66666666666667
1992 Q4,10558.647999999996,6724.341999999997,1328.433,768.4480000000002,782.338999999999,63.27300000000002,64.05900000000001,65.11399999999998,142.03300000000002,1066.5783559999995,2593.399999999999,109307.66666666669,128340.33333333333,3023.755000000001,7.366666666666667,3.036666666666667,3.07,6.743333333333334,3.563333333333334,8.023333333333333,64.21350000000001,3.2896639000000003,121.38885333333327,20.479999999999993
1993 Q1,10576.275000000007,6750.1230000000005,1359.7510000000004,770.1629999999998,799.2779999999997,63.628000000000014,64.441,65.563,143.06699999999998,1073.396018,2561.2219999999993,109947.33333333308,128485.33333333323,3019.044,7.133333333333333,3.04,2.96,6.28,3.4066666666666667,7.733333333333333,64.80080000000002,3.1762714,114.68357333333331,19.813333333333343
1993 Q2,10637.847000000007,6811.522000000003,1367.574999999999,779.368000000001,815.7919999999997,64.00700000000002,64.87400000000001,66.06100000000002,144.09999999999994,1080.4016480000007,2561.4559999999997,110537.6666666667,129086.33333333331,3069.756999999999,7.066666666666666,3,2.966666666666667,5.99,3.38,7.406666666666666,64.9301666666667,3.0223519333333333,122.96509333333331,19.76333333333332
1993 Q3,10688.605999999998,6887.328999999995,1358.2869999999998,777.2730000000001,826.5350000000001,64.387,65.156,66.42999999999999,144.76700000000005,1087.5162020000007,2565.100000000001,111234.33333333347,129427.9999999999,3096.910000000002,6.8,3.06,3.003333333333333,5.616666666666666,3.4233333333333333,6.8933333333333335,65.17706666666666,2.9288990666666668,109.9638533333333,17.8
1993 Q4,10833.987000000001,6947.788000000005,1429.6609999999998,802.3249999999999,859.7399999999999,64.738,65.53100000000003,66.77200000000002,145.967,1094.7425019999996,2574.164999999999,112015.33333333323,129741.66666666634,3144.930999999998,6.633333333333333,2.99,3.06,5.6066666666666665,3.526666666666667,6.843333333333333,66.19523333333332,2.9141196000000003,82.18821,16.426666666666666
1994 Q1,10939.116000000009,7027.255000000004,1484.1159999999998,810.2010000000004,879.7699999999999,65.04799999999999,65.766,67.07500000000002,146.69999999999993,1102.072941,2542.324000000001,112875.99999999999,130554.99999999991,3156.6319999999973,6.566666666666666,3.213333333333333,3.243333333333333,6.066666666666666,3.91,7.16,67.01046666666666,3.0634859666666667,87.20293999999997,14.830000000000002
1994 Q2,11087.361000000003,7081.931000000001,1557.106999999998,837.5550000000003,912.55,65.36200000000002,66.13299999999998,67.52599999999998,147.53300000000004,1109.4906790000002,2554.915999999998,113916.66666666664,130653.66666666657,3227.403999999999,6.2,3.94,3.9866666666666664,7.083333333333332,5.133333333333333,7.946666666666666,68.23423333333331,3.4732972666666666,96.4411533333333,17.790000000000003
1994 Q3,11152.175999999998,7135.930000000003,1531.6699999999996,868.9030000000001,938.211,65.737,66.608,67.903,148.9,1117.0746459999998,2597.990999999999,114919.33333333336,131115.99999999977,3262.722999999998,6,4.486666666666666,4.476666666666667,7.333333333333332,5.6,8.173333333333334,69.10446666666665,3.5102900333333333,89.60901000000001,18.49666666666667
1994 Q4,11279.932,7213.078999999994,1594.6840000000007,888.9620000000002,964.6090000000004,66.09300000000002,66.92000000000002,68.24799999999998,149.76699999999997,1124.7908410000005,2575.3940000000002,115832.66666666672,131861.99999999997,3315.6589999999997,5.633333333333333,5.166666666666668,5.28,7.836666666666668,6.596666666666667,8.57,70.50456666666663,3.7548177,86.68975666666665,17.64999999999999
1995 Q1,11319.951000000006,7231.032000000005,1611.4279999999992,906.086,985.7740000000002,66.45200000000001,67.24800000000003,68.60600000000002,150.86699999999993,1132.5938059999996,2584.414999999999,116702.33333333353,132086.9999999999,3362.140999999998,5.466666666666666,5.81,5.736666666666666,7.483333333333333,6.726666666666667,8.28,71.23963333333333,3.7372576,90.79154333333334,18.383333333333336
1995 Q2,11353.72099999999,7294.424000000003,1577.9600000000007,918.7909999999997,995.1360000000001,66.77099999999999,67.63800000000002,69.01300000000002,152.09999999999994,1140.5426779999991,2593.1010000000006,117134.33333333353,132130.00000000006,3399.2630000000026,5.666666666666666,6.02,5.596666666666667,6.62,5.97,7.66,71.46206666666664,3.2893111333333334,73.45589999999999,19.363333333333337
1995 Q3,11450.310000000007,7360.529000000002,1568.5549999999998,958.5509999999997,998.5549999999992,67.1,67.91500000000002,69.34200000000001,152.86699999999996,1148.5866990000009,2586.303999999999,117633.66666666676,132430.00000000015,3442.968000000003,5.666666666666668,5.796666666666668,5.366666666666667,6.323333333333334,5.653333333333333,7.433333333333334,72.15333333333336,3.123399666666666,75.00901666666668,17.860000000000003
1995 Q4,11528.066999999995,7411.873000000004,1607.5129999999997,972.2329999999997,1011.318,67.423,68.213,69.69000000000001,153.70000000000002,1156.8461890000003,2559.2479999999996,118171.99999999999,132613.66666666677,3484.0760000000028,5.566666666666666,5.72,5.26,5.8933333333333335,5.443333333333333,6.986666666666666,72.73813333333331,2.9762854,85.16870666666662,18.150000000000006
1996 Q1,11614.418000000009,7480.231000000003,1633.3320000000006,983.9339999999996,1044.1929999999995,67.74700000000003,68.593,69.96399999999998,155.067,1165.2861369999996,2576.137000000001,118682.00000000001,132916.00000000006,3528.3080000000014,5.533333333333334,5.363333333333333,4.93,5.91,5.123333333333332,7.05,73.23533333333332,2.9038630666666667,79.71674333333331,19.76
1996 Q2,11808.140000000003,7560.701999999999,1711.8130000000006,999.9280000000009,1067.5619999999992,68.02799999999999,69.05199999999998,70.29599999999999,156.4,1174.256187999999,2608.232000000001,119474.66666666677,133590.9999999999,3594.019999999999,5.5,5.243333333333334,5.02,6.72,5.663333333333332,7.61,74.81196666666665,3.248793666666667,73.26604999999998,21.696666666666673
1996 Q3,11914.063000000002,7606.475000000006,1789.564999999999,1008.0149999999998,1102.1740000000002,68.25099999999999,69.34600000000002,70.61699999999999,157.30000000000007,1183.8760889999996,2608.2229999999995,120205.66666666654,134284.3333333333,3651.335000000002,5.266666666666667,5.306666666666667,5.096666666666667,6.78,5.783333333333334,7.59,75.78656666666664,3.2915960666666666,78.41490333333333,22.389999999999997
1996 Q4,12037.774999999994,7667.061999999998,1787.190000000001,1070.8639999999998,1123.911,68.61499999999997,69.81900000000003,71.01900000000003,158.667,1194.1255530000008,2626.2270000000008,120918.33333333324,135013.6666666669,3708.7139999999986,5.333333333333334,5.28,4.976666666666667,6.343333333333334,5.48,7.23,76.83006666666665,3.1699937666666664,69.45959666666668,24.60666666666667
1997 Q1,12115.471999999994,7747.88,1823.2549999999999,1091.2229999999997,1171.915,69.02500000000002,70.12700000000001,71.29799999999999,159.63300000000004,1204.9812909999991,2612.571999999999,121674.00000000007,135582.33333333305,3780.5200000000004,5.233333333333333,5.276666666666666,5.06,6.5633333333333335,5.6466666666666665,7.426666666666666,78.2862333333333,3.2455742666666665,79.22596999999998,22.75999999999999
1997 Q2,12317.220999999989,7782.759999999995,1935.157,1134.8420000000012,1211.2489999999996,69.16200000000003,70.30300000000001,71.67000000000002,159.99999999999994,1216.3584289999992,2646.417999999997,122554.66666666645,136115.3333333334,3839.987999999999,5,5.523333333333333,5.046666666666667,6.696666666666666,5.85,7.573333333333334,79.40383333333334,3.325024266666667,75.7984666666667,19.926666666666662
1997 Q3,12471.010000000004,7915.358999999996,1962.0529999999992,1161.1,1255.884,69.46399999999998,70.48800000000001,71.83699999999999,160.8,1228.2937040000008,2658.6629999999964,123258.33333333353,136590.0000000001,3907.420000000003,4.866666666666667,5.533333333333334,5.046666666666667,6.243333333333334,5.54,7.17,81.26060000000001,3.158339333333333,66.28810333333332,19.803333333333335
1997 Q4,12577.494999999997,8009.963999999996,1990.8599999999992,1159.4310000000016,1282.987,69.69500000000002,70.71000000000002,72.06500000000001,161.66700000000003,1240.6578530000006,2672.0049999999997,124233.00000000006,136916.3333333333,3997.0560000000014,4.666666666666667,5.506666666666666,5.09,5.906666666666666,5.483333333333333,6.876666666666668,83.32553333333337,3.0661783666666667,83.59684000000003,19.95
1998 Q1,12703.742000000006,8090.986999999994,2078.2050000000004,1164.787,1331.1069999999986,69.794,70.714999999999975,72.27700000000002,161.99999999999994,1253.399076000001,2662.448,124995.99999999991,137147.66666666672,4079.286999999996,4.633333333333333,5.52,5.053333333333334,5.586666666666668,5.3133333333333335,6.666666666666668,84.26833333333332,2.936839,86.08279333333334,15.96666666666666
1998 Q2,12821.338999999998,8233.462999999998,2065.3360000000002,1151.9499999999996,1361.6140000000005,69.95900000000002,70.84299999999999,72.49799999999999,162.53300000000002,1266.5392929999998,2709.0530000000012,125789.33333333334,137325.66666666666,4149.930000000001,4.4,5.5,4.976666666666667,5.596666666666667,5.41,6.636666666666667,84.83383333333336,2.9390829333333333,75.11386333333331,14.659999999999998
1998 Q3,12982.752000000002,8340.830999999998,2118.9890000000023,1146.707,1379.9859999999994,70.25500000000001,71.06200000000001,72.75600000000003,163.36699999999996,1279.921371,2729.4680000000003,126500.33333333323,137814.6666666665,4222.021000000001,4.533333333333333,5.533333333333334,4.823333333333333,5.203333333333332,5.093333333333334,6.49,85.47613333333337,2.860749333333333,104.51551666666663,14.223333333333331
1998 Q4,13191.669999999995,8461.329999999993,2183.381999999999,1189.3490000000002,1424.6509999999996,70.453,71.24899999999998,72.98799999999999,164.13300000000007,1293.5634580000003,2745.584000000001,127255.33333333323,138431.3333333334,4293.478,4.433333333333334,4.86,4.253333333333333,4.67,4.39,6.333333333333332,86.65466666666667,2.4843892333333333,98.07794666666669,12.936666666666667
1999 Q1,13315.59699999999,8548.235000000004,2243.548000000001,1185.3699999999997,1464.9059999999997,70.68199999999997,71.38899999999997,73.171,164.73300000000003,1307.4750480000012,2765.047999999999,128017.00000000025,138899.99999999997,4372.655000000001,4.3,4.733333333333333,4.406666666666667,4.983333333333333,4.663333333333333,6.42,87.61966666666667,2.6671925999999995,82.34305666666664,13.07000000000001
1999 Q2,13426.747999999996,8679.142999999996,2244.6819999999975,1200.0940000000005,1506.9780000000005,70.94900000000001,71.79599999999999,73.42499999999998,165.967,1321.568443999999,2775.0349999999967,128830.99999999991,139131.66666666698,4416.915000000003,4.266666666666667,4.746666666666667,4.453333333333333,5.54,4.88,6.933333333333334,88.44893333333331,2.8608256666666665,69.21086666666669,17.64999999999999
1999 Q3,13604.771000000008,8776.714999999998,2306.4700000000007,1236.298,1561.4549999999992,71.19999999999999,72.191,73.69500000000001,167.2,1335.8461120000009,2808.44,129588.3333333334,139496.9999999999,4480.151999999997,4.233333333333333,5.093333333333334,4.6499999999999995,5.883333333333334,5.16,7.326666666666667,89.24696666666665,3.0533913,73.06084333333331,21.726666666666667
1999 Q4,13827.980000000007,8905.093000000003,2367.988,1262.725,1601.395000000001,71.595,72.62899999999999,74.04200000000002,168.43300000000005,1350.3543490000006,2852.1369999999993,130475.99999999994,139991.00000000017,4590.980000000001,4.066666666666666,5.306666666666667,5.043333333333334,6.14,5.6066666666666665,7.486666666666666,90.83403333333331,3.1671528999999996,76.19494999999999,24.596666666666668
2000 Q1,13878.147000000008,9039.743000000006,2351.2230000000004,1280.8970000000006,1661.8509999999999,72.07100000000001,73.21899999999997,74.43,170.09999999999997,1364.9991760000003,2831.902999999999,131245.3333333333,142385.66666666657,4758.656000000001,4.033333333333333,5.676666666666666,5.52,6.48,6.1866666666666665,7.713333333333333,91.73889999999997,3.3172853333333334,81.4504133333333,28.823333333333334
2000 Q2,14130.908000000007,9124.151999999998,2490.501000000001,1319.9369999999985,1714.792,72.52000000000002,73.56799999999998,74.68900000000001,171.433,1379.2736140000006,2859.8139999999967,132016.66666666674,142576.66666666657,4786.604000000004,3.933333333333333,6.273333333333333,5.713333333333334,6.176666666666666,6.216666666666666,7.766666666666667,92.86746666666664,3.2589822,89.00348333333336,28.776666666666664
2000 Q3,14145.311999999994,9211.568999999998,2466.3750000000005,1351.6230000000007,1776.4909999999998,72.94400000000003,74.04200000000002,75.05000000000003,172.99999999999991,1392.9502000000005,2847.7499999999995,132266.666666667,142436.66666666648,4878.790000000001,4,6.52,6.016666666666667,5.8933333333333335,6.13,7.6066666666666665,92.80366666666667,3.0476560666666668,73.72331666666666,31.613333333333326
2000 Q4,14229.765000000012,9292.049999999994,2471.534,1338.1039999999998,1779.088999999998,73.337,74.46,75.421,174.23299999999998,1405.935651,2865.194000000001,132541.33333333326,142944.00000000003,4905.667999999997,3.9,6.473333333333334,6.016666666666667,5.566666666666666,5.9,7.403333333333333,92.54869999999997,2.931050833333333,108.3326566666667,31.990000000000006
2001 Q1,14183.120000000003,9325.750999999998,2358.968999999999,1321.2560000000003,1756.1379999999992,73.82200000000003,75.01199999999997,75.91200000000002,175.89999999999992,1418.2387000000006,2909.984,132747.33333333346,143808.33333333328,4987.237999999999,4.233333333333333,5.593333333333334,4.816666666666666,5.05,4.596666666666667,7.076666666666667,91.4114666666667,2.557932233333333,112.78694000000004,28.81666666666666
2001 Q2,14271.694000000009,9344.486000000006,2362.651999999998,1282.5439999999994,1699.9299999999996,74.26599999999999,75.363,76.19900000000003,177.13300000000004,1429.8497509999986,2960.453999999999,132388.3333333334,143414.66666666657,4969.260999999998,4.4,4.326666666666666,3.66,5.27,3.78,7.223333333333334,90.26006666666665,2.731342833333333,103.16422666666665,27.906666666666666
2001 Q3,14214.516000000001,9377.002999999999,2311.4089999999997,1216.8690000000004,1661.3690000000006,74.558,75.401,76.395,177.63299999999992,1440.770517999999,2957.571000000001,131985.00000000032,143642.33333333343,4944.065999999995,4.833333333333333,3.496666666666667,3.17,4.98,3.3033333333333332,7.1066666666666665,89.02236666666668,2.7474823,124.82682000000001,26.66666666666667
2001 Q4,14253.574000000008,9528.30199999999,2196.5540000000005,1174.5680000000011,1644.1619999999996,74.79199999999999,75.43200000000003,76.76399999999998,177.5,1451.0935060000013,3006.6369999999997,131192.99999999997,144210.33333333334,4945.952000000003,5.5,2.1333333333333333,1.906666666666667,4.7700000000000005,2.2433333333333336,6.923333333333333,88.0476333333333,2.5212699666666665,140.31851666666668,20.4
2002 Q1,14372.784999999998,9549.515999999994,2262.071,1200.226,1690.8779999999992,75.027,75.58399999999999,77.00000000000001,178.067,1460.873685000001,3059.334000000002,130772.33333333323,144339.00000000006,4953.879,5.7,1.7333333333333334,1.72,5.076666666666667,2.32,6.623333333333332,88.682566666666645,2.7356563,95.95952333333332,21.656666666666663
2002 Q2,14460.847999999996,9597.819999999998,2298.939000000003,1235.9500000000012,1747.5410000000006,75.28900000000003,76.145,77.42300000000002,179.46699999999987,1470.28967,3082.7549999999983,130640.00000000006,144823.66666666674,5006.446000000004,5.833333333333332,1.75,1.7133333333333334,5.1,2.3433333333333333,6.713333333333333,90.0530333333333,2.825063,89.49172666666666,26.24666666666667
2002 Q3,14519.633000000005,9664.987999999998,2295.9829999999997,1239.8719999999998,1769.7589999999984,75.65000000000003,76.53899999999997,77.83600000000003,180.43300000000002,1479.5138269999989,3098.5950000000007,130555.99999999971,145121.3333333333,5020.511000000003,5.733333333333333,1.74,1.6433333333333335,4.26,1.8133333333333332,6.35,90.61046666666667,2.4191784,116.78771333333336,28.339999999999996
2002 Q4,14537.580000000007,9718.745000000006,2293.7460000000005,1221.5970000000002,1801.5350000000005,76.08899999999998,76.89599999999997,78.11300000000001,181.49999999999977,1488.6176239999998,3121.3740000000007,130566.00000000003,145140.33333333343,5035.549,5.866666666666667,1.4433333333333334,1.333333333333333,4.006666666666667,1.53,6.28,90.56136666666667,2.213647,119.13067666666664,28.216666666666665
2003 Q1,14614.140999999994,9766.616,2312.465,1217.841999999999,1793.6939999999995,76.461,77.48400000000002,78.35400000000003,183.36700000000008,1497.7198949999995,3124.050999999999,130416.3333333331,146019.66666666657,5035.693999999997,5.866666666666667,1.25,1.1566666666666665,3.92,1.3,6.003333333333333,91.12933333333338,2.1892966333333335,143.06831666666668,34.09666666666665
2003 Q2,14743.566999999994,9878.441999999992,2327.491999999999,1219.9859999999994,1819.8410000000001,76.72999999999999,77.56199999999998,78.651,183.06700000000006,1506.9026500000004,3152.709999999998,130184.33333333331,146676.66666666657,5109.828999999999,6.133333333333333,1.2466666666666666,1.04,3.62,1.1533333333333333,5.31,90.45023333333333,2.0708606666666665,111.35821999999997,28.98
2003 Q3,14988.782000000007,10018.122000000003,2411.637999999999,1253.316,1848.3409999999994,77.169,78.073,79.01100000000001,184.4329999999999,1516.1013040000012,3159.8600000000015,130196.66666666657,146486.6666666666,5177.406,6.133333333333333,1.0166666666666666,0.93,4.233333333333333,1.2233333333333334,5.696666666666666,91.05403333333332,2.2198461,97.84303333333337,30.213333333333324
2003 Q4,15162.760000000002,10087.092000000008,2493.928000000002,1309.6659999999995,1907.0480000000007,77.63900000000001,78.45699999999998,79.36499999999998,185.13300000000004,1525.4334419999998,3178.9230000000002,130503.33333333336,146814.99999999997,5264.906000000002,5.833333333333332,0.9966666666666667,0.9166666666666667,4.286666666666666,1.3,5.656666666666667,91.93486666666665,2.2542807,88.23300666666667,31.19333333333333
2004 Q1,15248.680000000006,10181.140999999994,2498.139999999999,1339.2860000000005,1960.4609999999982,78.19299999999998,79.06200000000001,79.80199999999998,186.69999999999993,1534.936859999999,3193.3020000000015,130905,146831.66666666674,5283.996,5.7,1.0033333333333334,0.9166666666666665,4.0200000000000005,1.2233333333333334,5.456666666666667,92.58769999999998,2.2546310333333333,97.60441,35.24666666666667
2004 Q2,15366.849999999999,10236.694,2597.507000000001,1367.3579999999997,2037.69,78.82400000000001,79.594,80.25799999999997,188.16700000000023,1544.5759490000014,3201.8270000000025,131634.3333333334,147125.00000000003,5390.749999999998,5.6,1.01,1.0766666666666667,4.6,1.7766666666666666,5.926666666666666,93.11510000000001,2.3900448,90.59414999999997,38.353333333333325
2004 Q3,15512.619,10356.936000000005,2638.6720000000005,1371.9300000000007,2065.9340000000007,79.32399999999998,79.985,80.54499999999997,189.36700000000013,1554.4095600000014,3207.8090000000016,131961.33333333326,147556.99999999997,5502.468999999999,5.433333333333334,1.4333333333333333,1.4866666666666666,4.303333333333334,2.08,5.6433333333333335,93.63853333333333,2.4431248,91.16065000000003,43.87333333333333
2004 Q4,15670.879999999992,10474.084000000006,2693.574999999998,1404.51,2114.0529999999985,79.93899999999996,80.66900000000001,80.98199999999997,191.40000000000018,1564.3399440000007,3205.8460000000023,132521.3333333333,148004.66666666634,5546.091999999995,5.433333333333334,1.95,2.006666666666667,4.173333333333334,2.466666666666667,5.486666666666666,94.97083333333337,2.3348616333333334,92.84413333333335,48.30000000000001
2005 Q1,15844.727000000012,10540.637999999995,2769.261000000001,1430.8270000000005,2132.2649999999985,80.57800000000003,81.13799999999999,81.558,192.36699999999976,1574.0362080000016,3221.698999999998,132988.66666666663,148261.33333333346,5586.071999999996,5.3,2.4699999999999998,2.5366666666666666,4.296666666666667,3.063333333333333,5.32,96.29463333333331,2.4047695,63.47549666666667,49.726666666666674
2005 Q2,15922.781999999994,10657.449000000006,2733.2250000000004,1462.8130000000017,2160.8110000000006,81.15799999999999,81.65099999999997,81.96199999999996,193.66699999999992,1583.398635,3219.7969999999996,133718.3333333334,149141.66666666654,5649.386999999998,5.1,2.9433333333333334,2.8633333333333333,4.16,3.3366666666666664,5.1466666666666665,96.83603333333335,2.4067037333333334,73.21180666666665,53.05333333333334
2005 Q3,16047.586999999994,10745.872999999998,2769.1060000000007,1462.546,2172.9449999999997,81.89800000000002,82.53199999999995,82.28099999999999,196.60000000000014,1592.5483969999996,3230.376999999997,134452.33333333334,149721.66666666654,5749.834999999997,4.966666666666667,3.46,3.36,4.213333333333333,3.786666666666667,5.093333333333333,96.42483333333331,2.3948087666666664,74.83945333333334,63.193333333333356
2005 Q4,16136.733999999986,10765.679999999993,2857.3499999999985,1507.8330000000005,2242.9780000000005,82.57100000000003,83.18899999999995,82.83099999999999,198.43300000000005,1601.4168219999995,3232.8979999999983,134933.33333333328,150032.00000000023,5826.679000000004,4.966666666666667,3.98,3.8266666666666667,4.49,4.286666666666666,5.38,97.30500000000004,2.5651291000000005,75.47620000000002,59.99666666666664
2006 Q1,16353.834999999986,10883.075000000004,2899.229000000003,1568.9849999999994,2289.1379999999995,83.156,83.62100000000002,83.31099999999999,199.46700000000004,1609.9610209999992,3273.905000000003,135730.99999999994,150556.00000000003,5983.061999999998,4.733333333333333,4.456666666666667,4.3933333333333335,4.57,4.633333333333333,5.39,98.22900000000001,2.4788541,72.03255666666668,63.270000000000024
2006 Q2,16396.15100000001,10939.498000000007,2882.5639999999985,1598.0919999999994,2311.9339999999997,83.88200000000002,84.35500000000002,83.97499999999997,201.26700000000008,1618.264420000001,3272.721,136264.0000000001,151101.33333333337,6024.189999999994,4.633333333333333,4.906666666666667,4.703333333333333,5.07,5.0200000000000005,5.8933333333333335,98.80993333333338,2.6517205,76.6973733333333,70.41
2006 Q3,16420.738000000012,11009.74799999999,2871.589000000001,1596.0370000000005,2335.0340000000006,84.46799999999999,84.96200000000002,84.42699999999996,203.16699999999994,1626.1615949999984,3267.7129999999975,136683.6666666666,151584.99999999994,6073.027999999997,4.633333333333334,5.246666666666667,4.906666666666666,4.8966666666666665,5.09,5.68,99.20146666666662,2.619602366666667,73.46660333333335,70.41666666666664
2006 Q4,16561.865999999987,11114.770999999992,2818.2280000000032,1656.5730000000024,2332.0330000000013,84.77000000000002,84.82200000000005,84.79100000000001,202.33300000000003,1633.6383179999996,3294.634999999998,137051.99999999988,152393.00000000015,6192.991000000005,4.433333333333334,5.246666666666667,4.903333333333333,4.63,4.986666666666666,5.386666666666667,99.44389999999997,2.4038425666666665,63.118243333333325,59.97666666666666
2007 Q1,16611.68999999999,11183.322999999991,2800.0370000000003,1689.3919999999994,2365.9799999999987,85.57599999999996,85.59699999999998,85.37499999999999,204.3170000000001,1641.3084159999999,3299.1150000000002,137604.00000000003,153059.33333333375,6354.734999999998,4.5,5.256666666666666,4.983333333333333,4.68,5.01,5.363333333333333,100.45546666666665,2.5214612333333335,68.70319333333335,58.076666666666654
2007 Q2,16713.314000000013,11212.668999999998,2827.0100000000016,1714.9809999999989,2378.558,86.17100000000002,86.32399999999998,85.73100000000001,206.63100000000006,1649.281313,3329.1389999999997,137969.00000000012,152715.33333333334,6381.396000000001,4.5,5.25,4.736666666666667,4.846666666666667,4.933333333333334,5.576666666666666,101.61796666666666,2.5583009333333333,70.16004,64.97666666666663
2007 Q3,16809.58700000001,11287.467999999993,2794.525999999999,1768.5869999999998,2391.8790000000004,86.64199999999998,86.81199999999997,86.15199999999997,207.93899999999994,1657.5361220000013,3344.222000000001,138052.6666666667,153072.33333333323,6407.743000000001,4.666666666666667,5.073333333333333,4.303333333333334,4.7299999999999995,4.523333333333333,5.753333333333334,101.71079999999996,2.5137561333333336,83.05747,75.46666666666665
2007 Q4,16915.190999999995,11331.948999999993,2762.5179999999996,1809.1809999999998,2369.287,86.99299999999997,87.69400000000003,86.74699999999999,210.48999999999995,1665.8261600000017,3370.9500000000003,138287.66666666657,153645.3333333333,6485.2679999999955,4.8,4.496666666666667,3.39,4.26,3.619999999999999,5.53,102.04590000000002,2.3277174333333335,100.14647666666667,90.7533333333333
2008 Q1,16843.00299999999,11316.411000000006,2686.9980000000005,1838.0240000000001,2378.171,87.31500000000003,88.40800000000003,87.20699999999998,212.7700000000003,1674.1835509999996,3378.654000000001,138324.99999999994,153874.6666666669,6552.340000000006,5,3.1766666666666667,2.0433333333333334,3.6633333333333336,2.1,5.456666666666667,101.7919,2.0628457,121.6005933333333,97.93666666666662
2008 Q2,16943.290999999987,11347.595000000008,2641.850000000001,1892.0009999999995,2355.67,87.73799999999999,89.26899999999999,87.573,215.53799999999995,1682.400846000001,3407.753000000001,137862.33333333337,154128.3333333332,6544.069000000006,5.333333333333332,2.0866666666666664,1.6266666666666665,3.8866666666666667,2.0733333333333333,5.6,100.25393333333338,2.1749102000000002,97.01256999999997,123.95333333333335
2008 Q3,16854.29500000001,11260.135999999995,2589.2539999999995,1883.5629999999985,2325.9409999999993,88.39900000000002,90.22099999999999,88.01999999999997,218.86099999999993,1690.3751319999992,3435.099999999999,137157.0000000001,154559.99999999988,6558.017,6,1.94,1.4933333333333332,3.8633333333333333,2.123333333333333,5.653333333333333,96.94203333333336,2.2999659666666665,131.13334333333336,118.05
2008 Q4,16485.35000000001,11158.800999999992,2338.938000000001,1772.8000000000006,2241.8320000000012,88.61300000000001,88.78100000000003,87.95100000000002,213.84899999999996,1697.972738,3458.8390000000027,135561.00000000026,154723.33333333328,6529.371000000001,6.866666666666666,0.5066666666666667,0.2966666666666667,3.253333333333333,0.9933333333333333,5.816666666666666,92.79559999999998,1.8981964666666666,161.58485333333337,58.34666666666664
2009 Q1,16298.262000000004,11130.464000000002,2073.135000000001,1631.2569999999994,2028.74,88.54299999999998,88.18099999999997,87.95000000000003,212.37800000000004,1705.0233619999988,3498.1030000000005,133295.66666666666,154293.66666666692,6234.5890000000045,8.266666666666666,0.18333333333333332,0.21333333333333332,2.736666666666667,0.5666666666666667,5.273333333333333,87.56103333333334,1.6413906666666669,175.32120666666665,42.913333333333334
2009 Q2,16269.144999999988,11075.748,1952.6410000000008,1641.9909999999998,1946.3519999999994,88.396000000000015,88.53099999999998,88.29399999999998,213.50699999999995,1711.6477719999996,3549.0269999999973,131432.0000000001,154657.33333333346,6262.793000000001,9.3,0.18,0.17333333333333337,3.313333333333334,0.52,5.513333333333334,85.13616666666668,1.8535621666666666,133.86515,59.43999999999999
2009 Q3,16326.280999999994,11150.230000000001,1946.8670000000006,1702.68,2026.6579999999997,88.50100000000002,89.142,88.607,215.34400000000016,1717.8970269999998,3558.5399999999972,130460.33333333327,154212.00000000026,6245.162000000001,9.633333333333333,0.15666666666666668,0.15666666666666668,3.516666666666667,0.44666666666666666,5.266666666666667,86.56889999999999,2.0681111,141.42553666666666,68.20333333333332
2009 Q4,16502.75399999999,11137.946000000005,2128.516000000002,1796.4640000000002,2125.297,88.78100000000003,89.83000000000003,89.15900000000003,217.02999999999994,1723.953132,3565.1880000000015,129975.99999999997,153591,6286.580999999995,9.933333333333334,0.12,0.05666666666666667,3.46,0.35,5.2,87.92003333333331,1.9619755333333333,125.17128999999998,76.06000000000003
2010 Q1,16582.710000000006,11202.494999999994,2174.334999999999,1836.9139999999998,2178.7430000000004,89.03600000000003,90.17699999999996,89.46400000000003,217.37399999999997,1730.0292150000016,3549.774999999998,129790.6666666667,153710.66666666654,6240.243000000004,9.833333333333334,0.13333333333333333,0.10666666666666666,3.716666666666667,0.36666666666666664,5.293333333333333,89.6099666666667,2.0381484333333333,139.87598666666662,78.63999999999997
2010 Q2,16743.162000000004,11302.955000000005,2288.469,1877.3309999999979,2278.127000000001,89.47100000000002,90.317,89.70500000000003,217.29700000000003,1736.2172179999986,3560.566000000001,130423.99999999985,154109.6666666668,6368.230000000003,9.633333333333333,0.19333333333333333,0.14666666666666667,3.49,0.38,5.043333333333333,91.35513333333334,1.9892216333333332,142.91665999999995,77.78999999999999
2010 Q3,16872.266000000014,11383.596000000005,2390.071999999999,1930.9629999999997,2357.7569999999996,89.74299999999998,90.49100000000001,89.84299999999998,217.934,1742.6505869999983,3535.3709999999987,130391.00000000026,153917.3333333333,6430.526999999998,9.466666666666667,0.18666666666666668,0.15666666666666668,2.786666666666667,0.27,4.58,92.56726666666664,1.6733046666666667,169.82342333333332,76.05333333333331
2010 Q4,16960.863999999994,11453.36800000001,2383.2969999999978,1983.8240000000005,2366.425000000003,90.26400000000004,91.07000000000002,90.12699999999997,219.6989999999999,1749.2537189999998,3512.9049999999984,130733.33333333349,153803.33333333352,6481.441000000004,9.5,0.18666666666666668,0.1366666666666667,2.8633333333333333,0.25666666666666665,4.8566666666666665,92.95449999999997,1.6049399333333334,169.32277666666667,85.09666666666662
2011 Q1,16920.632000000005,11497.119999999997,2338.9009999999994,2000.8389999999993,2377.9779999999996,90.726,91.835,90.52300000000001,222.04400000000012,1756.0495499999986,3469.7980000000007,131058.33333333342,153284.33333333334,6584.872,9.033333333333333,0.15666666666666668,0.12666666666666668,3.46,0.2733333333333333,5.13,93.45393333333335,2.0018306333333333,154.01124333333328,93.53666666666666
2011 Q2,17035.11400000001,11508.95,2434.538000000001,2034.7220000000004,2386.867,91.32599999999996,92.73800000000001,91.052,224.56800000000007,1763.045707999999,3446.0789999999974,131744.00000000006,153456.0000000002,6615.8899999999985,9.066666666666666,0.09333333333333334,0.04666666666666667,3.21,0.20666666666666667,5.036666666666667,93.82623333333336,2.0085433333333333,147.25885666666662,102.22999999999996
2011 Q3,17031.31299999999,11543.975000000008,2445.296,2062.7300000000014,2413.346,91.87599999999998,93.16700000000004,91.46799999999998,226.033,1770.2571859999996,3396.9169999999995,132154.00000000003,153726.33333333334,6689.658999999996,9,0.08333333333333334,0.023333333333333334,2.4266666666666667,0.13333333333333333,4.463333333333333,94.87253333333337,1.7595493666666666,215.8909533333331,89.71666666666665
2011 Q4,17222.582999999988,11563.889999999992,2633.829,2078.3640000000005,2445.0300000000007,91.98499999999999,93.474,91.79400000000003,227.0469999999999,1777.6288390000004,3394.6130000000026,132710.33333333366,154027.99999999962,6645.659999999999,8.633333333333333,0.07333333333333333,0.013333333333333334,2.0466666666666664,0.11333333333333333,3.9266666666666667,95.84926666666665,1.6130442666666667,171.82564999999994,94.01333333333336
2012 Q1,17367.010000000006,11647.296999999991,2692.1790000000005,2103.7470000000003,2457.0769999999998,92.525,94.094,92.37300000000003,228.3260000000001,1785.1548589999995,3380.1620000000007,133500.33333333334,154600.33333333323,6844.206000000001,8.266666666666667,0.10333333333333333,0.06666666666666667,2.0366666666666666,0.15666666666666668,3.896666666666667,96.79553333333332,1.5757360333333335,155.15891000000002,102.87666666666667
2012 Q2,17444.525,11667.752999999995,2752.6139999999996,2124.4600000000028,2466.211999999999,92.90700000000001,94.321,92.755,228.80800000000008,1792.8884299999995,3362.3299999999995,133923.33333333323,154831.33333333334,6884.319000000005,8.2,0.15333333333333335,0.08666666666666668,1.8233333333333333,0.18666666666666668,3.8,97.3957666666667,1.5402332333333333,163.2564133333333,93.42666666666669
2012 Q3,17469.649999999987,11691.414000000008,2759.8599999999988,2137.473,2479.452000000001,93.41699999999997,94.59500000000001,93.02299999999997,229.84099999999984,1800.7784689999994,3357.2010000000028,134337.33333333334,154956.99999999994,6914.234999999998,8.033333333333333,0.14333333333333334,0.10333333333333333,1.6433333333333335,0.18333333333333332,3.456666666666666,97.38883333333331,1.4983123666666665,170.83674,92.18000000000004
2012 Q4,17489.851999999988,11738.007000000003,2736.4230000000034,2139.526,2456.0919999999996,93.88499999999999,95.12600000000005,93.43499999999999,231.36900000000023,1808.8028029999998,3324.136999999999,134855.66666666677,155506.66666666672,7101.772000000001,7.8,0.16,0.08666666666666668,1.7066666666666666,0.17333333333333337,3.54,97.87596666666664,1.5156210333333333,182.0867799999998,87.95999999999998
2013 Q1,17662.39999999999,11814.325999999994,2845.3800000000033,2150.6309999999994,2453.9830000000006,94.25799999999997,95.45899999999999,93.79999999999997,232.2990000000003,1817.0177759999983,3293.099000000003,135497.00000000003,155360,7052.212999999997,7.733333333333333,0.14333333333333334,0.08666666666666668,1.95,0.15333333333333332,3.8766666666666665,98.62133333333333,1.4797120999999998,132.37608000000003,94.33666666666663
2013 Q2,17709.67099999999,11848.089000000005,2882.489,2170.1309999999994,2489.6150000000007,94.46100000000003,95.50800000000002,94.06399999999996,232.04500000000002,1825.3527559999989,3288.858000000001,136082.33333333337,155559.66666666677,7111.514000000004,7.533333333333334,0.11666666666666665,0.05,1.9966666666666666,0.12666666666666668,3.963333333333333,99.0683,1.4753455,112.5437266666667,94.10000000000002
2013 Q3,17860.449999999986,11896.257999999993,2998.991000000002,2188.7120000000014,2507.501999999999,94.924,95.90099999999995,94.43399999999995,233.29999999999995,1833.7598999999987,3272.8250000000025,136619.33333333334,155630.33333333328,7121.511000000005,7.233333333333333,0.08333333333333331,0.03333333333333333,2.71,0.12333333333333334,4.506666666666667,99.46980000000002,1.7538160999999999,113.73745333333332,105.84333333333333
2013 Q4,18016.147000000015,12001.026999999996,3027.804999999999,2251.769,2527.3210000000004,95.42599999999999,96.25400000000002,94.84099999999995,234.16300000000004,1842.2913290000001,3247.579000000003,137243.33333333343,155039.99999999997,7205.135,6.933333333333334,0.08666666666666668,0.06333333333333334,2.746666666666667,0.12333333333333334,4.593333333333334,100.14530000000003,1.7420456,121.84350333333336,97.34333333333335
2014 Q1,17953.973999999984,12044.203000000003,2998.147999999999,2230.209,2559.9450000000006,95.78799999999995,96.69600000000003,95.14099999999999,235.62099999999998,1850.9442999999985,3233.6459999999997,137752.66666666674,155620.99999999988,7367.726999999994,6.666666666666668,0.07333333333333333,0.04666666666666667,2.763333333333333,0.12333333333333334,4.44,100.82683333333331,1.7877615666666664,91.98456000000002,98.74666666666663
2014 Q2,18185.910999999986,12159.899000000003,3121.3209999999995,2278.387,2618.2480000000005,96.32999999999997,97.12900000000005,95.55599999999998,236.87199999999999,1859.7086840000015,3238.0330000000026,138552.66666666672,155586.6666666666,7418.852000000004,6.2,0.09333333333333334,0.03333333333333333,2.6233333333333335,0.10333333333333333,4.216666666666667,102.2146333333333,1.8579101,87.50596333333336,103.34666666666668
2014 Q3,18406.941000000013,12280.08600000001,3193.1519999999973,2287.789999999998,2623.1759999999995,96.726,97.39399999999999,95.91499999999998,237.4780000000001,1868.6786309999984,3259.8999999999974,139301.66666666674,156058.9999999999,7512.629999999996,6.066666666666666,0.09,0.026666666666666665,2.4966666666666666,0.11,4.116666666666667,102.7897666666667,1.8915243666666666,77.41465000000002,97.78
2014 Q4,18500.03100000001,12421.59499999999,3203.3509999999974,2306.749,2692.035,96.82199999999996,97.26500000000001,96.175,236.8879999999999,1877.7726560000015,3257.4720000000016,140083.66666666692,156414.33333333334,7643.904000000005,5.7,0.1,0.023333333333333334,2.28,0.14666666666666667,3.8766666666666665,103.39133333333338,1.8468636,91.31806333333331,73.16
2015 Q1,18666.621000000014,12516.902000000004,3314.8949999999977,2288.4910000000027,2732.1279999999997,96.769,96.82899999999995,96.33599999999998,235.355,1886.9774669999993,3277.1699999999973,140772.66666666666,156772.33333333323,7755.938000000003,5.533333333333334,0.11,0.026666666666666665,1.9666666666666666,0.22333333333333333,3.57,102.23860000000003,1.6439367666666667,107.56616666666663,48.54000000000002
2015 Q2,18782.243000000013,12603.053,3328.0489999999972,2294.6280000000006,2753.5250000000015,97.325,97.31200000000001,96.76500000000001,236.96000000000004,1896.3016260000004,3309.3009999999986,141481.00000000006,157257.66666666663,7840.671999999998,5.433333333333334,0.12333333333333334,0.02,2.1666666666666665,0.25,3.896666666666667,100.81726666666667,1.776696,106.53850666666663,57.846666666666685
2015 Q3,18857.418000000016,12691.790000000003,3335.2700000000013,2276.100999999999,2772.3009999999995,97.58299999999997,97.56499999999997,97.07700000000003,237.85499999999993,1905.6838330000003,3326.768999999999,142130.33333333326,156967.33333333294,7913.262000000005,5.1,0.1366666666666667,0.04,2.2199999999999998,0.35,4.086666666666667,100.87960000000001,1.8464430466666668,122.44514666666667,46.416666666666636
2015 Q4,18892.206000000013,12743.411,3315.3339999999994,2273.0120000000006,2780.142,97.581,97.49000000000001,97.31899999999996,237.83699999999993,1915.0969200000006,3341.054999999999,142821.33333333337,157554.99999999997,7968.523000000001,5.033333333333333,0.16,0.12333333333333334,2.19,0.46333333333333326,3.993333333333333,99.5133333333333,1.78608411,98.11235666666666,41.949999999999996
2016 Q1,19001.690000000006,12839.61800000001,3301.0900000000015,2266.5120000000006,2776.8299999999995,97.49599999999997,97.538,97.72600000000003,237.68900000000008,1924.5222099999999,3371.645999999999,143426.3333333334,158699.66666666654,8003.468999999998,4.9,0.36,0.2866666666666667,1.92,0.5766666666666667,3.9266666666666667,98.84193333333337,1.7355012566666668,112.61018666666668,33.18333333333333
2016 Q2,19062.708999999984,12903.30600000001,3287.032999999998,2284.053,2780.3750000000005,98.159,98.15699999999998,98.26199999999999,239.58999999999995,1933.9744050000013,3369.041999999997,143966.99999999997,158964.00000000003,8050.156000000001,4.933333333333334,0.37333333333333335,0.2566666666666667,1.7533333333333334,0.5666666666666667,3.59,98.48796666666668,1.72957233,109.64057666666669,45.40666666666664
2016 Q3,19197.93799999999,12993.06399999999,3301.0789999999974,2321.135999999999,2800.6670000000004,98.40999999999997,98.49600000000001,98.68900000000004,240.607,1943.4062339999994,3383.6959999999985,144716.3333333333,159490.00000000015,8130.424000000001,4.9,0.39666666666666667,0.29666666666666663,1.5633333333333332,0.5566666666666666,3.3366666666666664,98.74770000000002,1.6685437533333334,97.86750333333332,44.84999999999998
2016 Q4,19304.351999999988,13060.060999999996,3391.7490000000025,2303.8229999999976,2841.0060000000008,98.88600000000004,98.94700000000003,99.029,242.13499999999993,1952.805803,3389.6489999999994,145219.00000000003,159596.3333333336,8224.857999999995,4.766666666666667,0.45,0.43,2.13,0.7566666666666667,3.8099999999999996,98.70286666666667,1.8055258299999999,125.68257333333335,49.13666666666667
2017 Q1,19398.342999999986,13160.475000000008,3382.7030000000013,2359.904,2885.0030000000024,99.38999999999999,99.524,99.48799999999997,243.83899999999971,1962.2171840000005,3380.2440000000024,145814.99999999988,159872.0000000001,8321.308999999997,4.566666666666666,0.7,0.59,2.4433333333333334,0.8866666666666666,3.96,98.76686666666669,1.91043834,129.3257266666666,51.7666666666667
2017 Q2,19506.948999999997,13225.742999999999,3435.929,2367.862000000001,2912.428,99.64999999999998,99.72399999999996,99.821,244.12000000000012,1971.7083850000006,3389.8109999999997,146379.00000000006,160201.66666666657,8412.804000000006,4.366666666666667,0.95,0.89,2.263333333333333,1.12,3.8,100.16886666666666,1.8094428933333333,108.16684000000004,48.24000000000001
2017 Q3,19660.766000000003,13315.382000000009,3493.1659999999983,2381.788,2923.5730000000035,100.162,100.07700000000001,100.12299999999999,245.2870000000001,1981.4501610000002,3394.008999999998,146899.33333333334,160729.33333333346,8529.079000000002,4.333333333333333,1.1533333333333333,1.0366666666666666,2.243333333333333,1.2433333333333334,3.6533333333333333,99.82233333333338,1.83625513,105.56087999999998,48.16333333333332
2017 Q4,19882.352,13460.901999999991,3558.858999999997,2443.486999999997,3005.3510000000006,100.778,100.67599999999996,100.568,247.2380000000002,1991.4267609999988,3424.498,147348.66666666666,160474.33333333337,8676.874000000002,4.166666666666667,1.2033333333333334,1.2066666666666668,2.37,1.5533333333333332,3.56,101.24189999999997,1.9430470833333333,102.71580333333337,55.36666666666669
2018 Q1,20044.07700000001,13558.373,3612.935999999997,2459.308,3017.795000000001,101.41899999999997,101.38000000000001,101.20800000000003,249.32199999999997,2001.6543170000011,3431.708999999997,147997.9999999999,161459.33333333294,8772.661999999997,4.033333333333333,1.4466666666666665,1.56,2.76,1.94,3.746666666666667,101.80380000000001,1.9999974433333336,117.99776666666669,62.88666666666664
2018 Q2,20150.476000000002,13630.966999999993,3612.389000000002,2472.656,3021.689,102.13600000000002,101.91200000000003,101.75100000000003,250.67899999999997,2012.1671379999984,3456.3090000000034,148707.00000000006,161942.99999999994,8853.505999999998,3.933333333333333,1.7366666666666666,1.84,2.92,2.25,3.936666666666666,102.98723333333332,2.0406281433333335,113.92592999999998,68.0333333333333
2018 Q3,20276.15400000001,13693.789999999994,3722.2480000000005,2441.791,3064.175,102.57700000000001,102.25399999999996,102.07600000000004,251.68600000000006,2022.8129680000009,3483.6280000000033,149219.00000000006,162029.33333333302,8979.529000000002,3.766666666666667,1.9233333333333333,2.04,2.9266666666666667,2.466666666666667,3.91,103.8394666666667,2.1240775733333335,111.62735666666669,69.75666666666665
2018 Q4,20304.87399999999,13736.572000000013,3724.7519999999986,2451.935999999997,3096.1910000000007,103.019,102.64199999999998,102.55200000000004,252.71099999999987,2033.5098729999986,3488.3520000000026,149650.66666666674,162881.3333333334,9034.733000000006,3.833333333333333,2.22,2.316666666666667,3.033333333333333,2.67,4.126666666666666,103.99579999999997,2.1374345833333335,136.00775000000002,59.076666666666675
2019 Q1,20431.640999999996,13758.331,3755.530000000001,2474.9280000000012,3094.2939999999994,103.328,102.85099999999997,102.96399999999998,253.38600000000008,2044.3033040000016,3536.599999999997,150139.66666666666,162955.3333333334,9233.277000000007,3.8666666666666667,2.4033333333333333,2.3866666666666667,2.6533333333333333,2.54,3.83,103.00700000000003,1.8736988600000002,149.39334666666673,54.82666666666667
2019 Q2,20602.274999999994,13875.705,3790.0489999999977,2462.3919999999966,3111.4250000000025,103.86199999999997,103.426,103.39900000000002,255.24699999999987,2055.111492999999,3584.587000000001,150684.33333333326,162835.00000000006,9285.008000000003,3.6333333333333333,2.3966666666666665,2.3,2.333333333333333,2.2533333333333334,3.5933333333333333,102.41163333333336,1.7290286866666669,123.79741333333338,59.78333333333331
2019 Q3,20843.322000000004,14033.222,3819.9399999999973,2462.9120000000003,3097.883000000002,104.19199999999996,103.67499999999998,103.78299999999999,256.08899999999994,2065.8996610000004,3625.511999999997,151157.33333333323,163818.66666666654,9340.971999999996,3.6,2.19,1.98,1.7966666666666666,1.843333333333333,3.1,102.41573333333335,1.6318809233333333,158.26597,56.37000000000002
2019 Q4,20985.448000000008,14125.274000000009,3770.430999999997,2477.907999999997,3039.8340000000017,104.51599999999999,104.08299999999996,104.14699999999999,257.88799999999986,2076.39792,3654.831,151640.99999999997,164537.00000000003,9488.759999999993,3.6,1.6433333333333335,1.5766666666666667,1.7933333333333334,1.5766666666666667,3.0266666666666664,101.8931,1.6786218533333332,131.23539333333332,56.95666666666665
2020 Q1,20693.238000000012,13885.947,3673.8420000000006,2371.8350000000005,2929.6679999999997,104.99899999999998,104.404,104.58900000000003,258.81800000000004,2086.7276899999993,3694.581,151739.33333333296,163800.99999999997,9636.477,3.833333333333334,1.26,1.11,1.3766666666666665,1.09,2.913333333333333,100.20500000000001,1.54115205,191.68465,45.75666666666666
2020 Q2,19056.617000000006,12671.878999999999,3162.976,1870.9800000000025,2428.9180000000006,104.61200000000004,103.98799999999999,104.386,256.29200000000003,2097.0421949999986,3774.3720000000003,133711.6666666666,158121.333333333,9005.305999999993,13,0.06000000000000001,0.14333333333333334,0.6866666666666668,0.17333333333333337,2.4566666666666666,87.45549999999997,1.1841864133333333,283.4453366666668,27.806666666666672
2020 Q3,20548.793000000005,13813.007000000005,3747.725000000002,2104.9629999999984,2835.5209999999997,105.527,104.83200000000004,105.17700000000005,259.22200000000004,2107.1762630000017,3716.175000000003,140614.66666666657,160337.33333333346,9441.811999999998,8.8,0.09333333333333334,0.11333333333333334,0.65,0.13666666666666666,2.2333333333333334,95.60816666666666,1.3462851666666666,249.48273666666685,40.89333333333333
2020 Q4,20771.691000000003,14008.053999999996,3863.8349999999996,2233.569,3040.958999999997,106.24399999999997,105.33999999999999,105.65100000000004,261.09200000000004,2117.433034000001,3701.905000000002,142579.99999999988,160792.3333333335,9809.467999999995,6.766666666666667,0.09,0.09333333333333334,0.8633333333333334,0.11666666666666665,2.3033333333333332,97.22746666666664,1.3771135833333332,247.3356066666667,42.45333333333334
2021 Q1,21058.378999999994,14328.593000000008,3840.2280000000014,2235.418000000001,3102.184,107.58999999999999,106.529,106.54,263.686,2127.7703150000007,3749.4360000000006,143527,160223.99999999962,9889.819999999998,6.233333333333333,0.08,0.05,1.3166666666666667,0.08333333333333334,2.73,97.50453333333333,1.4348011433333334,166.54883333333336,57.790000000000006
2021 Q2,21389.00500000001,14809.080999999987,3777.7189999999973,2253.2069999999994,3164.663,109.25600000000004,108.18800000000005,108.082,268.58000000000004,2138.2898350000005,3709.1920000000027,145156.99999999994,160946.66666666625,10182.485999999997,5.933333333333334,0.07,0.02666666666666667,1.593333333333333,0.06000000000000001,2.8833333333333333,99.0555666666667,1.5859295333333336,135.16141,66.089999999999975
2021 Q3,21571.421000000017,14924.311000000005,3923.1929999999998,2258.262,3230.2289999999985,110.89700000000003,109.68099999999997,109.38500000000003,272.886,2149.3019150000014,3694.853000000003,147239.00000000003,161508.6666666669,10462.844000000005,5.066666666666666,0.09,0.04666666666666667,1.3233333333333335,0.07666666666666667,2.55,99.70116666666671,1.6159198666666665,142.93103333333337,70.62333333333335
2021 Q4,21960.388000000014,15086.943000000005,4175.669999999999,2390.257000000001,3386.275999999997,112.82600000000002,111.49099999999999,110.81099999999996,278.719,2160.6080760000004,3692.2390000000023,149185.33333333337,162177.3333333335,10771.971999999994,4.2,0.08,0.05333333333333334,1.5366666666666666,0.19666666666666666,2.65,100.93913333333337,1.7100703533333332,146.4936633333334,77.44666666666667
2022 Q1,21903.850000000017,15123.357000000004,4250.6990000000005,2362.1720000000014,3494.2549999999974,115.11900000000001,113.58499999999997,112.46499999999999,284.8450000000003,2172.2024799999986,3660.8660000000023,150742.33333333337,163915.33333333343,10909.675000000008,3.833333333333334,0.12000000000000002,0.30666666666666664,1.94,0.9633333333333334,3.2033333333333336,101.91119999999995,1.8883005333333331,155.76784,94.45333333333332
2022 Q2,21919.22200000002,15219.859999999999,4156.789999999997,2433.7129999999997,3544.9510000000014,117.73100000000001,115.67299999999994,113.79500000000002,291.65100000000007,2184.0566359999993,3647.1569999999997,151965.33333333363,164100.3333333332,11012.874000000007,3.6333333333333333,0.77,1.0766666666666667,2.93,2.2,4.043333333333333,102.8969,2.32763752,156.21290999999994,108.72333333333336
2022 Q3,22066.784000000007,15277.569,4096.015000000003,2517.4579999999996,3495.7019999999998,119.05700000000004,117.01399999999995,115.24700000000001,295.508,2196.1535079999985,3661.3450000000016,153282.66666666677,164427.3333333337,11296.311999999996,3.533333333333333,2.19,2.663333333333333,3.1066666666666665,3.3966666666666665,4.24,103.25113333333336,2.229384656666667,174.78156666666686,93.18333333333335
2022 Q4,22249.459,15323.979999999987,4153.816999999997,2510.25,3455.512999999997,120.15700000000002,118.17200000000001,116.57700000000003,298.4980000000003,2208.492536000002,3710.0999999999985,154152.99999999994,164707.66666666706,11343.139999999992,3.566666666666667,3.6533333333333333,4.04,3.83,4.613333333333333,4.81,102.79219999999998,2.348285543333333,161.86451333333326,82.78666666666668
2023 Q1,22403.434999999983,15510.200999999986,4058.115,2522.4560000000006,3448.495999999998,121.251,119.32000000000001,117.93100000000004,301.19200000000006,2220.8242539999983,3756.3999999999983,155012.3333333332,166324.33333333337,11499.275,3.533333333333333,4.516666666666667,4.626666666666667,3.6466666666666665,4.766666666666667,4.52,102.78739999999996,2.21665761,135.73458666666673,76.07666666666664
2023 Q2,22539.418000000016,15548.526000000013,4136.6320000000005,2491.635000000001,3421.2589999999996,121.80399999999997,120.18200000000004,119.04899999999998,303.42400000000015,2233.3112389999997,3783.6529999999993,155624.00000000015,166849.33333333346,11660.403000000006,3.533333333333333,4.99,5.073333333333333,3.5933333333333333,4.943333333333333,4.596666666666667,102.86196666666665,2.007066516666667,141.55710000000002,73.76
2023 Q3,22780.933000000005,15646.694999999994,4237.303000000002,2521.467000000003,3460.3909999999983,122.76800000000001,120.98299999999998,119.74500000000002,306.0420000000002,2245.9740680000004,3836.304000000002,156176.33333333334,167542.99999999988,11843.456,3.666666666666666,5.26,5.29,4.15,5.3933333333333335,4.913333333333333,103.15846666666664,2.141665623333333,102.2277166666667,82.29666666666667
2023 Q4,22960.59999999998,15781.367000000004,4244.834999999999,2559.591000000001,3496.290000000002,123.24099999999996,121.479,120.34600000000005,308.15799999999996,2258.8184590000014,3870.720000000003,156703.66666666666,167756.3333333329,11975.363999999996,3.8,5.33,5.283333333333334,4.4399999999999995,5.22,5.21,102.6986,2.3417291133333333,116.31481999999998,78.410000000000025
2024 Q1,23053.545000000006,15856.867000000007,4282.515000000003,2571.763,3548.748999999997,124.16299999999995,122.50700000000005,121.45799999999997,310.97399999999965,2271.8129999999983,3887.717999999997,157279.0000000001,167578.66666666666,12270.740000000007,3.833333333333334,5.33,5.233333333333333,4.16,4.9,4.97,102.24276666666664,2.1764869833333336,100.80155999999998,77.55999999999999
2024 Q2,23223.906,15967.265999999998,4369.185000000003,2578.386000000001,3614.0469999999973,124.94299999999998,123.27599999999995,122.29599999999996,313.0959999999996,2284.9869999999983,3917.048999999997,157792.6666666667,167930.66666666634,12363.499999999996,4,5.33,5.243333333333334,4.443333333333333,5.136666666666667,5.22,102.86330000000002,2.3871753866666667,108.71828666666669,81.71333333333331
2024 Q3,23400.29400000002,16113.035000000007,4377.736000000003,2638.1989999999996,3707.4290000000005,125.532,123.74700000000003,122.96100000000003,314.1830000000001,2298.131999999999,3966.2469999999967,158130.33333333326,168504.66666666677,12425.05200000001,4.166666666666667,5.263333333333334,4.99,3.9466666666666668,4.453333333333333,4.89,102.71139999999995,2.21892045,111.50121666666666,76.23999999999997
2024 Q4,23542.348999999995,16273.191,4315.094000000003,2637.171,3689.829000000002,126.257,124.47800000000005,123.76400000000001,316.53899999999993,2311.3340000000003,3996.2739999999994,158639.66666666692,168426.33333333323,12627.793000000003,4.133333333333333,4.65,4.3999999999999995,4.283333333333333,4.253333333333334,5.096666666666667,102.40293333333334,2.25764112,137.57049000000004,70.68666666666668
2025 Q1,23512.71700000002,16291.824000000015,4551.993999999996,2639.879000000001,3998.8760000000034,127.42900000000003,125.601,124.84100000000001,319.49200000000013,2324.322000000002,3990.636999999998,159160.99999999997,170564.6666666669,12788.67500000001,4.1,4.33,4.21,4.453333333333333,4.1433333333333335,5.3566666666666665,103.49613333333333,2.40252785,230.97971333333342,71.83666666666666
2025 Q2,23605.58481017112,16412.64954283415,4478.502826754318,2679.6635660553893,4025.600816034985,128.4751835247417,126.88312382281933,125.87372722749491,323.62686451010603,2335.7573348025826,4022.529285482649,159793.31923577772,171166.54359946563,12963.303212799328,4.050843427256366,4.33,4.12928989627595,4.503509588926312,4.030537856142604,5.4513563310635735,103.55942549464953,2.418731236650396,232.390527834034,78.15520556338033
2025 Q3,23547.38499535538,16388.96915255442,4378.265797087351,2667.2487568518554,3988.4344213144877,129.44300169889647,127.91267978153958,126.81296340279677,326.7503200000002,2347.25621420886,4052.507434122952,159025.80838891727,171360.00392997838,13043.797854681632,4.586744249505831,3.83,3.7044908293024292,4.267682818864223,3.5244468260439312,5.38428257940831,102.44868775257565,2.3059514525142686,252.76564968320136,75.69168122926456
2025 Q4,23574.457997065714,16430.154835767673,4354.956583440934,2640.212769173354,3970.650483470594,130.12391475764676,128.33888350102686,127.5371087169435,327.61786499999994,2359.426691959004,4081.17568910682,158567.10828665603,171554.95181576547,13096.22717729981,5.027874508273184,3.58,3.513394325299891,4.181196349607198,3.3689230349830006,5.303492514609177,101.56966946456059,2.2705654197901057,262.9814387167552,66.54927615206196
2026 Q1,23637.582676195245,16473.25483252728,4328.840886995926,2636.917079067619,3982.094064559385,130.85635924873242,129.0533900882321,128.36144316876383,329.6954592173645,2371.2945105424087,4113.425183300904,158289.95656549127,171947.95062707015,13216.521299149545,5.2669889651098405,3.33,3.27962452580725,4.13329931243392,3.0936874999288126,5.253844839927608,100.85535810698796,2.236430869677246,279.9527029448766,64.84600656613176
2026 Q2,23704.670887353048,16557.42831010772,4304.36356834798,2635.6912031324005,4003.233600813936,131.5952637132743,129.75233307630685,129.1683926465528,331.6339785554478,2383.405386034324,4143.343463832312,157881.88200736928,172214.3043854101,13300.802028903912,5.575520498346646,2.9991340339253996,2.9476903672253796,4.011768733852218,2.7305090110893,5.2026333526844,100.33514087916875,2.1705486082754923,294.38522455790115,63.64501918340897
2026 Q3,23739.708524965397,16616.921631226196,4285.591113592374,2625.2776408141644,4020.2033364560375,132.34923225823846,130.4500353160921,129.91263925353584,333.9082580434748,2395.3895452650986,4170.748990399897,157532.13126201637,172293.1416298729,13372.76143200633,5.860885655253312,2.6168846866418085,2.5994673690880656,3.894421480972868,2.376167552518822,5.1458624595955715,99.7265763742484,2.1285598863641764,305.35375398070863,63.77604877410482
2026 Q4,23835.142963917133,16704.313470220863,4280.5562086382915,2625.950042288854,4045.6800709481927,133.14640339900532,131.21861219257462,130.69435706052332,336.15174467508166,2407.1928793458205,4192.862753943218,157200.5635306527,172509.78022035034,13469.6773692946,6.0856272856639535,2.2290559194302126,2.251531167780614,3.807243595720878,2.0081735475365536,5.057095090517857,99.36669277640637,2.098723552445161,311.72634761594196,63.22789443761169
2027 Q1,23924.141893425523,16796.20296143732,4279.085811152704,2626.1174489598943,4069.079879755299,133.88157078950724,131.96337215313451,131.49004714355948,338.3919762605254,2419.3366444959483,4210.802550448701,157233.50748603654,172738.0806332497,13557.92637148957,6.196985831644703,1.8275555797759302,1.9235292942254592,3.7034806351445093,1.6846514806577488,4.993193210002251,99.0430391349183,2.070372967117432,318.57021241259974,63.099094074327056
2027 Q2,23988.90871317291,16866.01343357261,4305.598546098477,2629.5933263920638,4099.46810756577,134.72108786077254,132.77857955480113,132.30848629323864,340.8658350315462,2430.7152907722693,4226.533852583412,156949.40195862,172991.76037574484,13669.171198873102,6.373086552150105,1.4956200875964236,1.6717918798840992,3.6270815445152214,1.476853521644344,4.876861145815903,98.94973028393656,2.0305941107465846,333.3417717994695,62.78819227110573
2027 Q3,24073.967333104978,16943.745288129372,4332.668054383723,2632.5882119675525,4143.821696906601,135.5969353362402,133.60245180458108,133.11919744768952,343.05019115077874,2442.6465379472947,4237.225040407842,156866.10904624837,173144.95800599674,13753.467353091528,6.5057496949140035,1.249923471839523,1.452322543112628,3.5572960321296283,1.2572002495296517,4.82439294418663,98.85646651170094,1.9943787486727838,340.26188028724664,61.054728627437726
2027 Q4,24185.501820479098,17041.165718662858,4353.823567658717,2621.550123138707,4185.765198217991,136.38649146490394,134.33638904084964,133.9412936725091,345.3444863615035,2454.4859902676635,4249.047366161444,156826.87707909555,173322.72611124924,13866.414993136663,6.619819361191733,1.0321876452304601,1.2463147758926405,3.4832355265912884,1.073027673326741,4.801370733503335,98.72704191827847,1.9858269545900884,345.6356799263015,60.88732388058505
2028 Q1,24303.070524702784,17116.58657337003,4390.952339429682,2627.802961101128,4233.396648795974,137.277696476821,135.1805916156361,134.72377735024367,347.6642516717577,2466.16288582456,4256.63693358932,156761.11669724536,173606.88346088282,13981.080248144266,6.656502413270471,0.8528329770032876,1.1116195654758672,3.4563657360176454,0.9568177290564205,4.716741304767945,98.51518089765308,1.9491920762175812,347.1382560889716,61.33852234202209
