"","yq","GDP","Consumption","Investment..nonres.","Exports","Imports","GDP.Deflator","PCE.Price.Index","Core.PCE.Price.Index","CPI.U","Potential.GDP","Real.Govt..Consumption.Expenditures...Gross.Investment","Payroll.Employment","Labor.Force","Wages","Hours","Unemployment.Rate","Fed.Funds.Rate","TR3m.Rate","TR10y.Rate","TR1y.Rate","Moody.s.Aaa","Industrial.Production","Cleveland.Fed.10.yr.Inflation.Expectations","Economic.Policy.Uncertainty.Index"
"1",1985 Q1,8400.82,5321.159,1169.416,394.941,528.04,50.354,49.543,49.393,106.267,852.077650095785,2120.284,96572.3333333334,114976.333333333,1932.369,72.522,7.23333333333333,8.47666666666667,8.18333333333333,11.5833333333333,9.39,12.2566666666667,54.6604666666667,5.13967466666667,112.145353333333
"2",1985 Q2,8474.78700000001,5370.011,1189.334,394.094,553.985,50.678,49.945,49.821,107.233,859.752952458283,2167.338,97269.6666666665,115176.666666666,1963.845,73.017,7.3,7.92333333333333,7.46,10.8133333333333,8.46666666666667,11.63,54.6991,4.8651427,118.535743333333
"3",1985 Q3,8604.22,5472.014,1181.226,388.346,548.626,50.984,50.337,50.333,107.9,867.431845948285,2216.743,97844.3333333333,115505.333333333,1997.626,73.222,7.2,7.9,7.10666666666667,10.3366666666667,7.99333333333333,11.03,54.6211,4.6338346,127.17883
"4",1985 Q4,8668.188,5483.866,1224.763,399.932,570.096,51.269,50.688,50.694,109,875.070242821103,2225.878,98428.3333333333,116211.333333333,2037.22,73.589,7.03333333333333,8.10333333333333,7.16666666666667,9.76,7.85333333333333,10.5766666666667,54.9301333333333,4.49319613333333,123.779503333333
"5",1986 Q1,8749.127,5531.807,1224.404,412.459,569.527,51.524,51.047,51.241,109.567,882.645313221802,2243.464,98837.6666666666,116928,2065.464,73.483,7.03333333333333,7.82666666666667,6.89666666666667,8.55666666666667,7.45666666666667,9.57333333333333,55.2605,3.99790736666667,158.5329
"6",1986 Q2,8788.52399999999,5592.08,1203.028,416.899,593.759,51.719,50.993,51.592,109.033,890.168499377897,2290.227,99174.6666666665,117642.666666667,2083.631,73.284,7.16666666666667,6.92,6.14,7.60333333333333,6.60666666666667,9.00333333333333,54.9336333333333,3.69622646666667,135.171983333333
"7",1986 Q3,8872.601,5690.971,1170.667,426.441,610.217,51.931,51.263,51.947,109.7,897.67388140117,2340.115,99665,118224.666666667,2113.131,73.655,6.96666666666667,6.20666666666667,5.52333333333333,7.30666666666667,5.99,8.83,55.1544333333333,3.57985936666667,130.563486666667
"8",1986 Q4,8920.19299999999,5725.812,1174.171,442.373,614.953,52.214,51.573,52.37,110.467,905.14472595712,2330.449,100312.666666667,118587,2154.242,74.209,6.83333333333333,6.26666666666667,5.35333333333333,7.26333333333333,5.79666666666667,8.67666666666667,55.781,3.55670196666667,111.832556666667
"9",1987 Q1,8986.36700000001,5731.226,1205.858,442.767,611.348,52.548,52.061,52.701,111.8,912.570760232618,2344.118,100920.333333333,119079,2194.256,75.133,6.6,6.22,5.53666666666667,7.19333333333333,5.92333333333333,8.36666666666667,56.514,3.47716696666667,117.781456666667
"10",1987 Q2,9083.256,5809.376,1206.486,461.008,626.643,52.912,52.564,53.213,113.067,919.950738407518,2362.291,101709,119662.666666667,2231.434,75.564,6.26666666666667,6.65,5.65666666666667,8.34333333333333,6.76666666666667,9.16666666666667,57.5258666666667,3.8370295,114.020176666667
"11",1987 Q3,9162.024,5875.641,1206.662,481.019,638.858,53.313,53.062,53.69,114.267,927.293442767293,2364.769,102438,120077,2271.965,76.09,6,6.84333333333333,6.04333333333333,8.87666666666667,7.12666666666667,9.75666666666667,58.6097666666667,4.05571993333333,86.72245
"12",1987 Q4,9319.332,5888.065,1288.881,498.964,653.548,53.738,53.52,54.235,115.333,934.669962710713,2400.223,103390.333333333,120592.666666667,2332.835,76.876,5.83333333333333,6.91666666666667,5.86333333333333,9.12333333333333,7.24,10.2133333333333,60.007,4.22858993333333,144.832606666667
"13",1988 Q1,9367.502,5992.101,1227.008,526.673,650.47,54.159,53.943,54.759,116.233,942.011945057235,2380.198,104152,121012.666666667,2367.096,76.947,5.7,6.66333333333333,5.72333333333333,8.41666666666667,6.78,9.55666666666667,60.5554666666667,3.95956033333333,117.719413333333
"14",1988 Q2,9490.594,6036.355,1256.243,541.432,642.977999999999,54.686,54.539,55.422,117.567,949.403489381584,2387.303,105006.666666667,121265,2422.462,78.029,5.46666666666667,7.15666666666667,6.21,8.91,7.3,9.81,61.0846,4.06810333333333,99.8614033333334
"15",1988 Q3,9546.206,6090.001,1263.222,552.101,658.148,55.34,55.21,56.061,119,956.809929744257,2387.578,105745.666666667,121916.666666667,2463.571,78.239,5.46666666666667,7.98333333333333,7.01,9.1,8.00333333333333,9.96333333333333,61.3088666666667,4.11178276666667,93.2981733333334
"16",1988 Q4,9673.405,6159.246,1282.499,568.953,678.197,55.818,55.769,56.687,120.3,964.259385753842,2433.9,106597,122488.333333333,2509.467,79.117,5.33333333333333,8.47,7.72666666666667,8.95666666666667,8.52666666666667,9.51,61.7462666666667,4.05780426666667,105.285666666667
"17",1989 Q1,9771.725,6187.816,1326.029,585.946,681.351,56.4,56.41,57.306,121.667,971.708021783899,2423.185,107403,123250.666666667,2541.872,79.91,5.2,9.44333333333333,8.54,9.20666666666667,9.29,9.68666666666667,62.0367,4.26910993333333,95.7119566666667
"18",1989 Q2,9846.293,6216.695,1313.202,611.6,684.581,57.001,57.169,57.827,123.633,979.153818878606,2460.441,107910.333333333,123678,2564.689,80.219,5.23333333333333,9.72666666666667,8.41,8.77333333333333,8.92666666666667,9.48666666666667,61.8005666666667,4.10858793333333,97.1729466666667
"19",1989 Q3,9919.228,6276.877,1301.412,617.848000000001,683.65,57.417,57.506,58.257,124.6,985.668941637144,2482.562,108186,124025.666666667,2593.525,80.403,5.23333333333333,9.08333333333333,7.84333333333333,8.10666666666667,8.09666666666667,8.96666666666667,61.4179,3.70597706666667,90.4495
"20",1989 Q4,9938.767,6304.157,1291.758,627.2,696.019,57.826,57.959,58.791,125.867,993.227863322103,2495.007,108688,124448.333333333,2637.258,80.407,5.36666666666667,8.61333333333333,7.65333333333333,7.90666666666667,7.82666666666667,8.89,61.6561,3.72573476666667,102.18035
"21",1990 Q1,10047.386,6357.213,1304.586,654.439,718.091,58.45,58.799,59.468,128.033,1000.65685180612,2534.913,109424,125781.333333333,2686.591,80.657,5.3,8.25,7.76,8.42333333333333,8.12666666666667,9.19333333333333,62.1073,3.906744,92.00514
"22",1990 Q2,10083.855,6376.579,1304.993,662.577,716.887,59.105,59.333,60.132,129.3,1007.91936834268,2538.916,109784,125705,2741.034,80.31,5.33333333333333,8.24333333333333,7.74666666666667,8.67666666666667,8.27333333333333,9.39666666666667,62.5447666666667,4.01612283333333,105.24213
"23",1990 Q3,10090.569,6401.841,1279.695,667.592,713.992,59.611,60.087,60.74,131.533,1014.94259275996,2542.963,109648,125871.333333333,2771.624,79.895,5.7,8.16,7.47666666666667,8.70333333333333,7.82666666666667,9.40333333333333,62.7992666666667,3.92097553333333,137.143383333333
"24",1990 Q4,9998.704,6353.139,1208.107,673.47,694.844,60.055,60.881,61.25,133.767,1021.72256257243,2559.964,109255.666666667,126069,2774.773,79.555,6.13333333333333,7.74333333333333,6.99,8.39666666666667,7.30333333333333,9.29333333333333,61.8344333333333,3.9430409,140.29853
"25",1991 Q1,9951.916,6329.249,1167.908,677.584,686.926,60.643,61.202,61.793,134.767,1028.30108799635,2575.22,108787,126071,2774.065,78.777,6.6,6.42666666666667,6.02333333333333,8.01666666666667,6.43666666666667,8.93333333333333,60.6734,3.79955973333333,135.63259
"26",1991 Q2,10029.51,6381.703,1167.904,702.289,699.135,61.088,61.536,62.27,135.567,1034.68595327176,2585.693,108311,126351.666666667,2802.805,78.278,6.83333333333333,5.86333333333333,5.56,8.13,6.24333333333333,8.91,61.0208333333333,3.80456136666667,99.6459833333333
"27",1991 Q3,10080.195,6413.521,1191.028,718.914,718.81,61.566,61.954,62.83,136.6,1040.9384121427,2578.454,108308,126318,2830.887,78.194,6.86666666666667,5.64333333333333,5.37666666666667,7.94,5.88666666666667,8.78666666666667,61.8953,3.81210973333333,103.72498
"28",1991 Q4,10115.329,6410.312,1233.261,735.102,734.689,61.931,62.403,63.325,137.733,1047.1642872616,2559.584,108330.333333333,126669,2861.159,78.055,7.1,4.81666666666667,4.54,7.34666666666667,4.86666666666667,8.44666666666667,62.0224,3.54622506666667,122.59656
"29",1992 Q1,10236.435,6530.335,1210.478,748.392,740.026,62.161,62.795,63.809,138.667,1053.37547221866,2582.28,108348.333333333,127357.333333333,2915.852,77.597,7.36666666666667,4.02333333333333,3.89333333333333,7.30333333333333,4.35666666666667,8.28,61.9472666666667,3.51799333333333,108.814476666667
"30",1992 Q2,10347.429,6574.665,1278.935,748.748,752.191999999999,62.535,63.212,64.26,139.733,1059.65960755371,2577.285,108623.666666667,128139.666666667,2954.982,77.91,7.6,3.77,3.68,7.37666666666667,4.22,8.27666666666667,63.0697,3.6332184,102.2688
"31",1992 Q3,10449.673,6645.14,1289.101,764.615,764.049,62.841,63.615,64.64,140.8,1066.0762526065,2593.701,108886.666666667,128559,2979.434,78.033,7.63333333333333,3.25666666666667,3.08333333333333,6.61666666666667,3.41666666666667,7.98,63.5661333333333,3.32348533333333,121.28069
"32",1992 Q4,10558.648,6724.342,1328.433,768.448,782.338999999999,63.273,64.059,65.114,142.033,1072.58237024165,2593.4,109307.666666667,128340.333333333,3023.755,78.545,7.36666666666667,3.03666666666667,3.07,6.74333333333333,3.56333333333333,8.02333333333333,64.2135,3.2896639,121.388853333333
"33",1993 Q1,10576.275,6750.123,1359.751,770.163,799.278,63.628,64.441,65.563,143.067,1079.18413038192,2561.222,109947.333333333,128485.333333333,3019.044,79.233,7.13333333333333,3.04,2.96,6.28,3.40666666666667,7.73333333333333,64.8008,3.1762714,114.683573333333
"34",1993 Q2,10637.847,6811.522,1367.575,779.368000000001,815.792,64.007,64.874,66.061,144.1,1085.965868023,2561.456,110537.666666667,129086.333333333,3069.757,80.133,7.06666666666667,3,2.96666666666667,5.99,3.38,7.40666666666667,64.9301666666667,3.02235193333333,122.965093333333
"35",1993 Q3,10688.606,6887.329,1358.287,777.273,826.535,64.387,65.156,66.43,144.767,1092.84827357451,2565.1,111234.333333333,129428,3096.91,80.604,6.8,3.06,3.00333333333333,5.61666666666667,3.42333333333333,6.89333333333333,65.1770666666667,2.92889906666667,109.963853333333
"36",1993 Q4,10833.987,6947.788,1429.661,802.325,859.74,64.738,65.531,66.772,145.967,1099.82883989045,2574.165,112015.333333333,129741.666666666,3144.931,81.375,6.63333333333333,2.99,3.06,5.60666666666667,3.52666666666667,6.84333333333333,66.1952333333333,2.9141196,82.18821
"37",1994 Q1,10939.116,7027.255,1484.116,810.201,879.77,65.048,65.766,67.075,146.7,1106.89471898394,2542.324,112876,130555,3156.632,81.888,6.56666666666667,3.21333333333333,3.24333333333333,6.06666666666667,3.91,7.16,67.0104666666667,3.06348596666667,87.20294
"38",1994 Q2,11087.361,7081.931,1557.107,837.555,912.55,65.362,66.133,67.526,147.533,1114.03435211018,2554.916,113916.666666667,130653.666666667,3227.404,83.209,6.2,3.94,3.98666666666667,7.08333333333333,5.13333333333333,7.94666666666667,68.2342333333333,3.47329726666667,96.4411533333333
"39",1994 Q3,11152.176,7135.93,1531.67,868.903,938.211,65.737,66.608,67.903,148.9,1121.3206264654,2597.991,114919.333333333,131116,3262.723,84.192,6,4.48666666666667,4.47666666666667,7.33333333333333,5.6,8.17333333333333,69.1044666666667,3.51029003333333,89.60901
"40",1994 Q4,11279.932,7213.07899999999,1594.684,888.962,964.609,66.093,66.92,68.248,149.767,1128.71700288537,2575.394,115832.666666667,131862,3315.659,84.537,5.63333333333333,5.16666666666667,5.28,7.83666666666667,6.59666666666667,8.57,70.5045666666666,3.7548177,86.6897566666667
"41",1995 Q1,11319.951,7231.032,1611.428,906.086,985.774,66.452,67.248,68.606,150.867,1136.18228115635,2584.415,116702.333333334,132087,3362.141,84.951,5.46666666666667,5.81,5.73666666666667,7.48333333333333,6.72666666666667,8.28,71.2396333333333,3.7372576,90.7915433333333
"42",1995 Q2,11353.721,7294.424,1577.96,918.791,995.136,66.771,67.638,69.013,152.1,1143.7846726697,2593.101,117134.333333334,132130,3399.263,84.826,5.66666666666667,6.02,5.59666666666667,6.62,5.97,7.66,71.4620666666666,3.28931113333333,73.4559
"43",1995 Q3,11450.31,7360.529,1568.555,958.551,998.554999999999,67.1,67.915,69.342,152.867,1151.47041225451,2586.304,117633.666666667,132430,3442.968,85.801,5.66666666666667,5.79666666666667,5.36666666666667,6.32333333333333,5.65333333333333,7.43333333333333,72.1533333333334,3.12339966666667,75.0090166666667
"44",1995 Q4,11528.067,7411.873,1607.513,972.233,1011.318,67.423,68.213,69.69,153.7,1159.3611621701,2559.248,118172,132613.666666667,3484.076,86.018,5.56666666666667,5.72,5.26,5.89333333333333,5.44333333333333,6.98666666666667,72.7381333333333,2.9762854,85.1687066666666
"45",1996 Q1,11614.418,7480.231,1633.332,983.934,1044.193,67.747,68.593,69.964,155.067,1167.42162330146,2576.137,118682,132916,3528.308,86.19,5.53333333333333,5.36333333333333,4.93,5.91,5.12333333333333,7.05,73.2353333333333,2.90386306666667,79.7167433333333
"46",1996 Q2,11808.14,7560.702,1711.813,999.928000000001,1067.562,68.028,69.052,70.296,156.4,1176.01139837713,2608.232,119474.666666667,133591,3594.02,86.993,5.5,5.24333333333333,5.02,6.72,5.66333333333333,7.61,74.8119666666666,3.24879366666667,73.26605
"47",1996 Q3,11914.063,7606.47500000001,1789.565,1008.015,1102.174,68.251,69.346,70.617,157.3,1185.24657305572,2608.223,120205.666666667,134284.333333333,3651.335,87.716,5.26666666666667,5.30666666666667,5.09666666666667,6.78,5.78333333333333,7.59,75.7865666666666,3.29159606666667,78.4149033333333
"48",1996 Q4,12037.775,7667.062,1787.19,1070.864,1123.911,68.615,69.819,71.019,158.667,1195.10779038254,2626.227,120918.333333333,135013.666666667,3708.714,88.705,5.33333333333333,5.28,4.97666666666667,6.34333333333333,5.48,7.23,76.8300666666667,3.16999376666667,69.4595966666667
"49",1997 Q1,12115.472,7747.88,1823.255,1091.223,1171.915,69.025,70.127,71.298,159.633,1205.57947404929,2612.572,121674,135582.333333333,3780.52,89.471,5.23333333333333,5.27666666666667,5.06,6.56333333333333,5.64666666666667,7.42666666666667,78.2862333333333,3.24557426666667,79.22597
"50",1997 Q2,12317.221,7782.76,1935.157,1134.842,1211.249,69.162,70.303,71.67,160,1216.59918919861,2646.418,122554.666666666,136115.333333333,3839.988,89.905,5,5.52333333333333,5.04666666666667,6.69666666666667,5.85,7.57333333333333,79.4038333333333,3.32502426666667,75.7984666666667
"51",1997 Q3,12471.01,7915.359,1962.053,1161.1,1255.884,69.464,70.488,71.837,160.8,1228.21396235901,2658.663,123258.333333334,136590,3907.42,90.449,4.86666666666667,5.53333333333333,5.04666666666667,6.24333333333333,5.54,7.17,81.2606,3.15833933333333,66.2881033333333
"52",1997 Q4,12577.495,8009.964,1990.86,1159.431,1282.987,69.695,70.71,72.065,161.667,1240.30914820985,2672.005,124233,136916.333333333,3997.056,90.874,4.66666666666667,5.50666666666667,5.09,5.90666666666667,5.48333333333333,6.87666666666667,83.3255333333334,3.06617836666667,83.59684
"53",1998 Q1,12703.742,8090.98699999999,2078.205,1164.787,1331.107,69.794,70.715,72.277,162,1252.85308886171,2662.448,124996,137147.666666667,4079.287,91.431,4.63333333333333,5.52,5.05333333333333,5.58666666666667,5.31333333333333,6.66666666666667,84.2683333333333,2.936839,86.0827933333333
"54",1998 Q2,12821.339,8233.463,2065.336,1151.95,1361.614,69.959,70.843,72.498,162.533,1265.89925158585,2709.053,125789.333333333,137325.666666667,4149.93,91.913,4.4,5.5,4.97666666666667,5.59666666666667,5.41,6.63666666666667,84.8338333333334,2.93908293333333,75.1138633333333
"55",1998 Q3,12982.752,8340.831,2118.989,1146.707,1379.986,70.255,71.062,72.756,163.367,1279.29199179482,2729.468,126500.333333333,137814.666666667,4222.021,92.041,4.53333333333333,5.53333333333333,4.82333333333333,5.20333333333333,5.09333333333333,6.49,85.4761333333334,2.86074933333333,104.515516666667
"56",1998 Q4,13191.67,8461.32999999999,2183.382,1189.349,1424.651,70.453,71.249,72.988,164.133,1293.04541860306,2745.584,127255.333333333,138431.333333333,4293.478,93.182,4.43333333333333,4.86,4.25333333333333,4.67,4.39,6.33333333333333,86.6546666666667,2.48438923333333,98.0779466666667
"57",1999 Q1,13315.597,8548.235,2243.548,1185.37,1464.906,70.682,71.389,73.171,164.733,1307.15353347053,2765.048,128017,138900,4372.655,93.044,4.3,4.73333333333333,4.40666666666667,4.98333333333333,4.66333333333333,6.42,87.6196666666667,2.6671926,82.3430566666666
"58",1999 Q2,13426.748,8679.143,2244.682,1200.094,1506.978,70.949,71.796,73.425,165.967,1321.51800243333,2775.035,128831,139131.666666667,4416.915,93.554,4.26666666666667,4.74666666666667,4.45333333333333,5.54,4.88,6.93333333333333,88.4489333333333,2.86082566666667,69.2108666666667
"59",1999 Q3,13604.771,8776.715,2306.47,1236.298,1561.455,71.2,72.191,73.695,167.2,1336.09996763803,2808.44,129588.333333333,139497,4480.152,94.157,4.23333333333333,5.09333333333333,4.65,5.88333333333333,5.16,7.32666666666667,89.2469666666667,3.0533913,73.0608433333333
"60",1999 Q4,13827.98,8905.093,2367.988,1262.725,1601.395,71.595,72.629,74.042,168.433,1350.8997005238,2852.137,130476,139991,4590.98,94.549,4.06666666666667,5.30666666666667,5.04333333333333,6.14,5.60666666666667,7.48666666666667,90.8340333333333,3.1671529,76.19495
"61",2000 Q1,13878.147,9039.74300000001,2351.223,1280.897,1661.851,72.071,73.219,74.43,170.1,1365.79097184455,2831.903,131245.333333333,142385.666666667,4758.656,94.991,4.03333333333333,5.67666666666667,5.52,6.48,6.18666666666667,7.71333333333333,91.7389,3.31728533333333,81.4504133333333
"62",2000 Q2,14130.908,9124.152,2490.501,1319.937,1714.792,72.52,73.568,74.689,171.433,1380.25579099961,2859.814,132016.666666667,142576.666666667,4786.604,95.245,3.93333333333333,6.27333333333333,5.71333333333333,6.17666666666667,6.21666666666667,7.76666666666667,92.8674666666666,3.2589822,89.0034833333334
"63",2000 Q3,14145.312,9211.569,2466.375,1351.623,1776.491,72.944,74.042,75.05,173,1394.066048546,2847.75,132266.666666667,142436.666666666,4878.79,95.238,4,6.52,6.01666666666667,5.89333333333333,6.13,7.60666666666667,92.8036666666667,3.04765606666667,73.7233166666667
"64",2000 Q4,14229.765,9292.04999999999,2471.534,1338.104,1779.089,73.337,74.46,75.421,174.233,1407.14019334543,2865.194,132541.333333333,142944,4905.668,94.876,3.9,6.47333333333333,6.01666666666667,5.56666666666667,5.9,7.40333333333333,92.5487,2.93105083333333,108.332656666667
"65",2001 Q1,14183.12,9325.751,2358.969,1321.256,1756.138,73.822,75.012,75.912,175.9,1419.49820611179,2909.984,132747.333333333,143808.333333333,4987.238,94.851,4.23333333333333,5.59333333333333,4.81666666666667,5.05,4.59666666666667,7.07666666666667,91.4114666666667,2.55793223333333,112.78694
"66",2001 Q2,14271.694,9344.48600000001,2362.652,1282.544,1699.93,74.266,75.363,76.199,177.133,1431.15397227867,2960.454,132388.333333333,143414.666666667,4969.261,93.923,4.4,4.32666666666667,3.66,5.27,3.78,7.22333333333333,90.2600666666666,2.73134283333333,103.164226666667
"67",2001 Q3,14214.516,9377.003,2311.409,1216.869,1661.369,74.558,75.401,76.395,177.633,1442.12693108566,2957.571,131985,143642.333333333,4944.066,92.799,4.83333333333333,3.49666666666667,3.17,4.98,3.30333333333333,7.10666666666667,89.0223666666667,2.7474823,124.82682
"68",2001 Q4,14253.574,9528.30199999999,2196.554,1174.568,1644.162,74.792,75.432,76.764,177.5,1452.52256684961,3006.637,131193,144210.333333333,4945.952,91.734,5.5,2.13333333333333,1.90666666666667,4.77,2.24333333333333,6.92333333333333,88.0476333333333,2.52126996666667,140.318516666667
"69",2002 Q1,14372.785,9549.51599999999,2262.071,1200.226,1690.878,75.027,75.584,77,178.067,1462.40033454752,3059.334,130772.333333333,144339,4953.879,90.989,5.7,1.73333333333333,1.72,5.07666666666667,2.32,6.62333333333333,88.6825666666666,2.7356563,95.9595233333333
"70",2002 Q2,14460.848,9597.82,2298.939,1235.95,1747.541,75.289,76.145,77.423,179.467,1471.94389010747,3082.755,130640,144823.666666667,5006.446,91.177,5.83333333333333,1.75,1.71333333333333,5.1,2.34333333333333,6.71333333333333,90.0530333333333,2.825063,89.4917266666667
"71",2002 Q3,14519.633,9664.988,2295.983,1239.872,1769.759,75.65,76.539,77.836,180.433,1481.31020986462,3098.595,130556,145121.333333333,5020.511,90.85,5.73333333333333,1.74,1.64333333333333,4.26,1.81333333333333,6.35,90.6104666666667,2.4191784,116.787713333333
"72",2002 Q4,14537.58,9718.74500000001,2293.746,1221.597,1801.535,76.089,76.896,78.113,181.5,1490.55356860491,3121.374,130566,145140.333333333,5035.549,90.989,5.86666666666667,1.44333333333333,1.33333333333333,4.00666666666667,1.53,6.28,90.5613666666667,2.213647,119.130676666667
"73",2003 Q1,14614.141,9766.616,2312.465,1217.842,1793.694,76.461,77.484,78.354,183.367,1499.78371080451,3124.051,130416.333333333,146019.666666667,5035.694,90.53,5.86666666666667,1.25,1.15666666666667,3.92,1.3,6.00333333333333,91.1293333333334,2.18929663333333,143.068316666667
"74",2003 Q2,14743.567,9878.44199999999,2327.492,1219.986,1819.841,76.73,77.562,78.651,183.067,1509.0807386326,3152.71,130184.333333333,146676.666666667,5109.829,90.24,6.13333333333333,1.24666666666667,1.04,3.62,1.15333333333333,5.31,90.4502333333333,2.07086066666667,111.35822
"75",2003 Q3,14988.782,10018.122,2411.638,1253.316,1848.341,77.169,78.073,79.011,184.433,1518.38773637967,3159.86,130196.666666667,146486.666666667,5177.406,90.374,6.13333333333333,1.01666666666667,0.93,4.23333333333333,1.22333333333333,5.69666666666667,91.0540333333333,2.2198461,97.8430333333334
"76",2003 Q4,15162.76,10087.092,2493.928,1309.666,1907.048,77.639,78.457,79.365,185.133,1527.83886847933,3178.923,130503.333333333,146815,5264.906,90.803,5.83333333333333,0.996666666666667,0.916666666666667,4.28666666666667,1.3,5.65666666666667,91.9348666666667,2.2542807,88.2330066666667
"77",2004 Q1,15248.68,10181.141,2498.14,1339.286,1960.461,78.193,79.062,79.802,186.7,1537.48388827588,3193.302,130905,146831.666666667,5283.996,91.202,5.7,1.00333333333333,0.916666666666667,4.02,1.22333333333333,5.45666666666667,92.5877,2.25463103333333,97.60441
"78",2004 Q2,15366.85,10236.694,2597.507,1367.358,2037.69,78.824,79.594,80.258,188.167,1547.29941240382,3201.827,131634.333333333,147125,5390.75,91.295,5.6,1.01,1.07666666666667,4.6,1.77666666666667,5.92666666666667,93.1151,2.3900448,90.59415
"79",2004 Q3,15512.619,10356.936,2638.672,1371.93,2065.934,79.324,79.985,80.545,189.367,1557.35269261691,3207.809,131961.333333333,147557,5502.469,91.811,5.43333333333333,1.43333333333333,1.48666666666667,4.30333333333333,2.08,5.64333333333333,93.6385333333333,2.4431248,91.16065
"80",2004 Q4,15670.88,10474.084,2693.575,1404.51,2114.053,79.939,80.669,80.982,191.4,1567.55586240754,3205.846,132521.333333333,148004.666666666,5546.092,92.332,5.43333333333333,1.95,2.00666666666667,4.17333333333333,2.46666666666667,5.48666666666667,94.9708333333334,2.33486163333333,92.8441333333333
"81",2005 Q1,15844.727,10540.638,2769.261,1430.827,2132.265,80.578,81.138,81.558,192.367,1577.57961369231,3221.699,132988.666666667,148261.333333333,5586.072,92.586,5.3,2.47,2.53666666666667,4.29666666666667,3.06333333333333,5.32,96.2946333333333,2.4047695,63.4754966666667
"82",2005 Q2,15922.782,10657.449,2733.225,1462.813,2160.811,81.158,81.651,81.962,193.667,1587.31699839587,3219.797,133718.333333333,149141.666666667,5649.387,93.058,5.1,2.94333333333333,2.86333333333333,4.16,3.33666666666667,5.14666666666667,96.8360333333333,2.40670373333333,73.2118066666666
"83",2005 Q3,16047.587,10745.873,2769.106,1462.546,2172.945,81.898,82.532,82.281,196.6,1596.88433399297,3230.377,134452.333333333,149721.666666667,5749.835,93.296,4.96666666666667,3.46,3.36,4.21333333333333,3.78666666666667,5.09333333333333,96.4248333333333,2.39480876666667,74.8394533333333
"84",2005 Q4,16136.734,10765.68,2857.35,1507.833,2242.978,82.571,83.189,82.831,198.433,1606.2035941636,3232.898,134933.333333333,150032,5826.679,93.9,4.96666666666667,3.98,3.82666666666667,4.49,4.28666666666667,5.38,97.305,2.5651291,75.4762
"85",2006 Q1,16353.835,10883.075,2899.229,1568.985,2289.138,83.156,83.621,83.311,199.467,1615.25940875564,3273.905,135731,150556,5983.062,94.913,4.73333333333333,4.45666666666667,4.39333333333333,4.57,4.63333333333333,5.39,98.229,2.4788541,72.0325566666667
"86",2006 Q2,16396.151,10939.498,2882.564,1598.092,2311.934,83.882,84.355,83.975,201.267,1624.07971418067,3272.721,136264,151101.333333333,6024.18999999999,95.129,4.63333333333333,4.90666666666667,4.70333333333333,5.07,5.02,5.89333333333333,98.8099333333334,2.6517205,76.6973733333333
"87",2006 Q3,16420.738,11009.748,2871.589,1596.037,2335.034,84.468,84.962,84.427,203.167,1632.48252123176,3267.713,136683.666666667,151585,6073.028,95.492,4.63333333333333,5.24666666666667,4.90666666666667,4.89666666666667,5.09,5.68,99.2014666666666,2.61960236666667,73.4666033333334
"88",2006 Q4,16561.866,11114.771,2818.228,1656.573,2332.033,84.77,84.822,84.791,202.333,1640.44319039865,3294.635,137052,152393,6192.991,95.942,4.43333333333333,5.24666666666667,4.90333333333333,4.63,4.98666666666667,5.38666666666667,99.4439,2.40384256666667,63.1182433333333
"89",2007 Q1,16611.69,11183.323,2800.037,1689.392,2365.98,85.576,85.597,85.375,204.317,1648.48880288461,3299.115,137604,153059.333333334,6354.735,95.893,4.5,5.25666666666667,4.98333333333333,4.68,5.01,5.36333333333333,100.455466666667,2.52146123333333,68.7031933333333
"90",2007 Q2,16713.314,11212.669,2827.01,1714.981,2378.558,86.171,86.324,85.731,206.631,1656.66499251739,3329.139,137969,152715.333333333,6381.396,96.309,4.5,5.25,4.73666666666667,4.84666666666667,4.93333333333333,5.57666666666667,101.617966666667,2.55830093333333,70.1600366666667
"91",2007 Q3,16809.587,11287.468,2794.526,1768.587,2391.879,86.642,86.812,86.152,207.939,1664.95532225109,3344.222,138052.666666667,153072.333333333,6407.743,96.055,4.66666666666667,5.07333333333333,4.30333333333333,4.73,4.52333333333333,5.75333333333333,101.7108,2.51375613333333,83.05747
"92",2007 Q4,16915.191,11331.949,2762.518,1809.181,2369.287,86.993,87.694,86.747,210.49,1673.2836359592,3370.95,138287.666666667,153645.333333333,6485.268,95.793,4.8,4.49666666666667,3.39,4.26,3.62,5.53,102.0459,2.32771743333333,100.146476666667
"93",2008 Q1,16843.003,11316.411,2686.998,1838.024,2378.171,87.315,88.408,87.207,212.77,1681.56057557105,3378.654,138325,153874.666666667,6552.34,95.467,5,3.17666666666667,2.04333333333333,3.66333333333333,2.1,5.45666666666667,101.7919,2.0628457,121.600593333333
"94",2008 Q2,16943.291,11347.595,2641.85,1892.001,2355.67,87.738,89.269,87.573,215.538,1689.58949816392,3407.753,137862.333333333,154128.333333333,6544.06900000001,94.916,5.33333333333333,2.08666666666667,1.62666666666667,3.88666666666667,2.07333333333333,5.6,100.253933333333,2.1749102,97.01257
"95",2008 Q3,16854.295,11260.136,2589.254,1883.563,2325.941,88.399,90.221,88.02,218.861,1697.32382774269,3435.1,137157,154560,6558.017,93.872,6,1.94,1.49333333333333,3.86333333333333,2.12333333333333,5.65333333333333,96.9420333333334,2.29996596666667,131.133346666667
"96",2008 Q4,16485.35,11158.801,2338.938,1772.8,2241.832,88.613,88.781,87.951,213.849,1704.65763920577,3458.839,135561,154723.333333333,6529.371,91.474,6.86666666666667,0.506666666666667,0.296666666666667,3.25333333333333,0.993333333333333,5.81666666666667,92.7956,1.89819646666667,161.584853333333
"97",2009 Q1,16298.262,11130.464,2073.135,1631.257,2028.74,88.543,88.181,87.95,212.378,1711.45001779875,3498.103,133295.666666667,154293.666666667,6234.589,89.014,8.26666666666667,0.183333333333333,0.213333333333333,2.73666666666667,0.566666666666667,5.27333333333333,87.5610333333333,1.64139066666667,175.321206666667
"98",2009 Q2,16269.145,11075.748,1952.641,1641.991,1946.352,88.396,88.531,88.294,213.507,1717.84100628242,3549.027,131432,154657.333333333,6262.793,86.833,9.3,0.18,0.173333333333333,3.31333333333333,0.52,5.51333333333333,85.1361666666667,1.85356216666667,133.86515
"99",2009 Q3,16326.281,11150.23,1946.867,1702.68,2026.658,88.501,89.142,88.607,215.344,1723.89158271033,3558.54,130460.333333333,154212,6245.162,85.747,9.63333333333333,0.156666666666667,0.156666666666667,3.51666666666667,0.446666666666667,5.26666666666667,86.5689,2.0681111,141.425536666667
"100",2009 Q4,16502.754,11137.946,2128.516,1796.464,2125.297,88.781,89.83,89.159,217.03,1729.79985022116,3565.188,129976,153591,6286.581,85.743,9.93333333333333,0.12,0.0566666666666667,3.46,0.35,5.2,87.9200333333333,1.96197553333333,125.17129
"101",2010 Q1,16582.71,11202.495,2174.335,1836.914,2178.743,89.036,90.177,89.464,217.374,1735.79059807202,3549.775,129790.666666667,153710.666666667,6240.243,86.108,9.83333333333333,0.133333333333333,0.106666666666667,3.71666666666667,0.366666666666667,5.29333333333333,89.6099666666667,2.03814843333333,139.875986666667
"102",2010 Q2,16743.162,11302.955,2288.469,1877.331,2278.127,89.471,90.317,89.705,217.297,1741.95897164621,3560.566,130424,154109.666666667,6368.23,86.762,9.63333333333333,0.193333333333333,0.146666666666667,3.49,0.38,5.04333333333333,91.3551333333333,1.98922163333333,142.91666
"103",2010 Q3,16872.266,11383.596,2390.072,1930.963,2357.757,89.743,90.491,89.843,217.934,1748.44783113416,3535.371,130391,153917.333333333,6430.527,87.168,9.46666666666667,0.186666666666667,0.156666666666667,2.78666666666667,0.27,4.58,92.5672666666666,1.67330466666667,169.823423333333
"104",2010 Q4,16960.864,11453.368,2383.297,1983.824,2366.425,90.264,91.07,90.127,219.699,1755.18569703779,3512.905,130733.333333333,153803.333333334,6481.441,87.587,9.5,0.186666666666667,0.136666666666667,2.86333333333333,0.256666666666667,4.85666666666667,92.9545,1.60493993333333,169.322776666667
"105",2011 Q1,16920.632,11497.12,2338.901,2000.839,2377.978,90.726,91.835,90.523,222.044,1762.18331122987,3469.798,131058.333333333,153284.333333333,6584.872,87.739,9.03333333333333,0.156666666666667,0.126666666666667,3.46,0.273333333333333,5.13,93.4539333333334,2.00183063333333,154.011243333333
"106",2011 Q2,17035.114,11508.95,2434.538,2034.722,2386.867,91.326,92.738,91.052,224.568,1769.42897344965,3446.079,131744,153456,6615.89,88.621,9.06666666666667,0.0933333333333333,0.0466666666666667,3.21,0.206666666666667,5.03666666666667,93.8262333333334,2.00854333333333,147.258856666667
"107",2011 Q3,17031.313,11543.975,2445.296,2062.73,2413.346,91.876,93.167,91.468,226.033,1776.90915489273,3396.917,132154,153726.333333333,6689.659,88.851,9,0.0833333333333333,0.0233333333333333,2.42666666666667,0.133333333333333,4.46333333333333,94.8725333333334,1.75954936666667,215.890953333333
"108",2011 Q4,17222.583,11563.89,2633.829,2078.364,2445.03,91.985,93.474,91.794,227.047,1784.54331705099,3394.613,132710.333333334,154028,6645.66,89.687,8.63333333333333,0.0733333333333333,0.0133333333333333,2.04666666666667,0.113333333333333,3.92666666666667,95.8492666666667,1.61304426666667,171.82565
"109",2012 Q1,17367.01,11647.297,2692.179,2103.747,2457.077,92.525,94.094,92.373,228.326,1792.30952263683,3380.162,133500.333333333,154600.333333333,6844.206,90.354,8.26666666666667,0.103333333333333,0.0666666666666667,2.03666666666667,0.156666666666667,3.89666666666667,96.7955333333333,1.57573603333333,155.158906666667
"110",2012 Q2,17444.525,11667.753,2752.614,2124.46,2466.212,92.907,94.321,92.755,228.808,1800.23569962703,3362.33,133923.333333333,154831.333333333,6884.319,90.471,8.2,0.153333333333333,0.0866666666666667,1.82333333333333,0.186666666666667,3.8,97.3957666666667,1.54023323333333,163.256413333333
"111",2012 Q3,17469.65,11691.414,2759.86,2137.473,2479.452,93.417,94.595,93.023,229.841,1808.26457499669,3357.201,134337.333333333,154957,6914.235,90.992,8.03333333333333,0.143333333333333,0.103333333333333,1.64333333333333,0.183333333333333,3.45666666666667,97.3888333333333,1.49831236666667,170.83674
"112",2012 Q4,17489.852,11738.007,2736.423,2139.526,2456.092,93.885,95.126,93.435,231.369,1816.37937686726,3324.137,134855.666666667,155506.666666667,7101.772,91.519,7.8,0.16,0.0866666666666667,1.70666666666667,0.173333333333333,3.54,97.8759666666666,1.51562103333333,182.08678
"113",2013 Q1,17662.4,11814.326,2845.38,2150.631,2453.983,94.258,95.459,93.8,232.299,1824.6421371142,3293.099,135497,155360,7052.213,92.128,7.73333333333333,0.143333333333333,0.0866666666666667,1.95,0.153333333333333,3.87666666666667,98.6213333333333,1.4797121,132.37608
"114",2013 Q2,17709.671,11848.089,2882.489,2170.131,2489.615,94.461,95.508,94.064,232.045,1832.94404683797,3288.858,136082.333333333,155559.666666667,7111.514,92.504,7.53333333333333,0.116666666666667,0.05,1.99666666666667,0.126666666666667,3.96333333333333,99.0683,1.4753455,112.543726666667
"115",2013 Q3,17860.45,11896.258,2998.991,2188.712,2507.502,94.924,95.901,94.434,233.3,1841.27448409761,3272.825,136619.333333333,155630.333333333,7121.511,92.876,7.23333333333333,0.0833333333333333,0.0333333333333333,2.71,0.123333333333333,4.50666666666667,99.4698,1.7538161,113.737453333333
"116",2013 Q4,18016.147,12001.027,3027.805,2251.769,2527.321,95.426,96.254,94.841,234.163,1849.69339613381,3247.579,137243.333333333,155040,7205.135,93.138,6.93333333333333,0.0866666666666667,0.0633333333333333,2.74666666666667,0.123333333333333,4.59333333333333,100.1453,1.7420456,121.843503333333
"117",2014 Q1,17953.974,12044.203,2998.148,2230.209,2559.945,95.788,96.696,95.141,235.621,1858.20167903912,3233.646,137752.666666667,155621,7367.727,93.496,6.66666666666667,0.0733333333333333,0.0466666666666667,2.76333333333333,0.123333333333333,4.44,100.826833333333,1.78776156666667,91.98456
"118",2014 Q2,18185.911,12159.899,3121.321,2278.387,2618.248,96.33,97.129,95.556,236.872,1866.78078637933,3238.033,138552.666666667,155586.666666667,7418.852,94.486,6.2,0.0933333333333333,0.0333333333333333,2.62333333333333,0.103333333333333,4.21666666666667,102.214633333333,1.8579101,87.5059633333334
"119",2014 Q3,18406.941,12280.086,3193.152,2287.79,2623.176,96.726,97.394,95.915,237.478,1875.52130291683,3259.9,139301.666666667,156059,7512.63,95.241,6.06666666666667,0.09,0.0266666666666667,2.49666666666667,0.11,4.11666666666667,102.789766666667,1.89152436666667,77.41465
"120",2014 Q4,18500.031,12421.595,3203.351,2306.749,2692.035,96.822,97.265,96.175,236.888,1884.33381402421,3257.472,140083.666666667,156414.333333333,7643.904,96.203,5.7,0.1,0.0233333333333333,2.28,0.146666666666667,3.87666666666667,103.391333333333,1.8468636,91.3180633333333
"121",2015 Q1,18666.621,12516.902,3314.895,2288.491,2732.128,96.769,96.829,96.336,235.355,1893.19810899884,3277.17,140772.666666667,156772.333333333,7755.938,96.688,5.53333333333333,0.11,0.0266666666666667,1.96666666666667,0.223333333333333,3.57,102.2386,1.64393676666667,107.566166666667
"122",2015 Q2,18782.243,12603.053,3328.049,2294.628,2753.525,97.325,97.312,96.765,236.96,1902.11044284224,3309.301,141481,157257.666666667,7840.672,96.954,5.43333333333333,0.123333333333333,0.02,2.16666666666667,0.25,3.89666666666667,100.817266666667,1.776696,106.538506666667
"123",2015 Q3,18857.418,12691.79,3335.27,2276.101,2772.301,97.583,97.565,97.077,237.855,1911.00709429762,3326.769,142130.333333333,156967.333333333,7913.262,97.076,5.1,0.136666666666667,0.04,2.22,0.35,4.08666666666667,100.8796,1.84644304666667,122.445146666667
"124",2015 Q4,18892.206,12743.411,3315.334,2273.012,2780.142,97.581,97.49,97.319,237.837,1919.86585473721,3341.055,142821.333333333,157555,7968.523,97.782,5.03333333333333,0.16,0.123333333333333,2.19,0.463333333333333,3.99333333333333,99.5133333333333,1.78608411,98.1123566666667
"125",2016 Q1,19001.69,12839.618,3301.09,2266.512,2776.83,97.496,97.538,97.726,237.689,1928.69252814456,3371.646,143426.333333333,158699.666666667,8003.469,98.03,4.9,0.36,0.286666666666667,1.92,0.576666666666667,3.92666666666667,98.8419333333334,1.73550125666667,112.610186666667
"126",2016 Q2,19062.709,12903.306,3287.033,2284.053,2780.375,98.159,98.157,98.262,239.59,1937.51506676971,3369.042,143967,158964,8050.156,98.281,4.93333333333333,0.373333333333333,0.256666666666667,1.75333333333333,0.566666666666667,3.59,98.4879666666667,1.72957233,109.640576666667
"127",2016 Q3,19197.938,12993.064,3301.079,2321.136,2800.667,98.41,98.496,98.689,240.607,1946.32045734545,3383.696,144716.333333333,159490,8130.424,98.761,4.9,0.396666666666667,0.296666666666667,1.56333333333333,0.556666666666667,3.33666666666667,98.7477,1.66854375333333,97.8675033333333
"128",2016 Q4,19304.352,13060.061,3391.749,2303.823,2841.006,98.886,98.947,99.029,242.135,1955.1310617194,3389.649,145219,159596.333333334,8224.858,98.849,4.76666666666667,0.45,0.43,2.13,0.756666666666667,3.81,98.7028666666667,1.80552583,125.682573333333
"129",2017 Q1,19398.343,13160.475,3382.703,2359.904,2885.003,99.39,99.524,99.488,243.839,1964.00894728186,3380.244,145815,159872,8321.309,99.195,4.56666666666667,0.7,0.59,2.44333333333333,0.886666666666667,3.96,98.7668666666667,1.91043834,129.325726666667
"130",2017 Q2,19506.949,13225.743,3435.929,2367.862,2912.428,99.65,99.724,99.821,244.12,1973.02979232778,3389.811,146379,160201.666666667,8412.804,99.823,4.36666666666667,0.95,0.89,2.26333333333333,1.12,3.8,100.168866666667,1.80944289333333,108.16684
"131",2017 Q3,19660.766,13315.382,3493.166,2381.788,2923.573,100.162,100.077,100.123,245.287,1982.36025521808,3394.009,146899.333333333,160729.333333333,8529.079,100.05,4.33333333333333,1.15333333333333,1.03666666666667,2.24333333333333,1.24333333333333,3.65333333333333,99.8223333333334,1.83625513,105.56088
"132",2017 Q4,19882.352,13460.902,3558.859,2443.487,3005.351,100.778,100.676,100.568,247.238,1991.9841852531,3424.498,147348.666666667,160474.333333333,8676.874,100.678,4.16666666666667,1.20333333333333,1.20666666666667,2.37,1.55333333333333,3.56,101.2419,1.94304708333333,102.715803333333
"133",2018 Q1,20044.077,13558.373,3612.936,2459.308,3017.795,101.419,101.38,101.208,249.322,2001.91701081553,3431.709,147998,161459.333333333,8772.662,101.264,4.03333333333333,1.44666666666667,1.56,2.76,1.94,3.74666666666667,101.8038,1.99999744333333,117.997766666667
"134",2018 Q2,20150.476,13630.967,3612.389,2472.656,3021.689,102.136,101.912,101.751,250.679,2012.17191743255,3456.309,148707,161943,8853.506,101.761,3.93333333333333,1.73666666666667,1.84,2.92,2.25,3.93666666666667,102.987233333333,2.04062814333333,113.92593
"135",2018 Q3,20276.154,13693.79,3722.248,2441.791,3064.175,102.577,102.254,102.076,251.686,2022.6065825728,3483.628,149219,162029.333333333,8979.529,102.206,3.76666666666667,1.92333333333333,2.04,2.92666666666667,2.46666666666667,3.91,103.839466666667,2.12407757333333,111.627356666667
"136",2018 Q4,20304.874,13736.572,3724.752,2451.936,3096.191,103.019,102.642,102.552,252.711,2033.1495409344,3488.352,149650.666666667,162881.333333333,9034.73300000001,102.53,3.83333333333333,2.22,2.31666666666667,3.03333333333333,2.67,4.12666666666667,103.9958,2.13743458333333,136.00775
"137",2019 Q1,20431.641,13758.331,3755.53,2474.928,3094.294,103.328,102.851,102.964,253.386,2043.79221536258,3536.6,150139.666666667,162955.333333333,9233.27700000001,102.561,3.86666666666667,2.40333333333333,2.38666666666667,2.65333333333333,2.54,3.83,103.007,1.87369886,149.393346666667
"138",2019 Q2,20602.275,13875.705,3790.049,2462.392,3111.425,103.862,103.426,103.399,255.247,2054.54495402772,3584.587,150684.333333333,162835,9285.008,102.883,3.63333333333333,2.39666666666667,2.3,2.33333333333333,2.25333333333333,3.59333333333333,102.411633333333,1.72902868666667,123.797413333333
"139",2019 Q3,20843.322,14033.222,3819.94,2462.912,3097.883,104.192,103.675,103.783,256.089,2065.30774581188,3625.512,151157.333333333,163818.666666667,9340.972,103.176,3.6,2.19,1.98,1.79666666666667,1.84333333333333,3.1,102.415733333333,1.63188092333333,158.26597
"140",2019 Q4,20985.448,14125.274,3770.431,2477.908,3039.834,104.516,104.083,104.147,257.888,2075.80535087503,3654.831,151641,164537,9488.75999999999,102.935,3.6,1.64333333333333,1.57666666666667,1.79333333333333,1.57666666666667,3.02666666666667,101.8931,1.67862185333333,131.235393333333
"141",2020 Q1,20693.238,13885.947,3673.842,2371.835,2929.668,104.999,104.404,104.589,258.818,2086.18392549597,3694.581,151739.333333333,163801,9636.477,101.416,3.83333333333333,1.26,1.11,1.37666666666667,1.09,2.91333333333333,100.205,1.54115205,191.68465
"142",2020 Q2,19056.617,12671.879,3162.976,1870.98,2428.918,104.612,103.988,104.386,256.292,2096.51402228673,3774.372,133711.666666667,158121.333333333,9005.30599999999,87.54,13,0.06,0.143333333333333,0.686666666666667,0.173333333333333,2.45666666666667,87.4555,1.18418641333333,283.445336666667
"143",2020 Q3,20548.793,13813.007,3747.725,2104.963,2835.521,105.527,104.832,105.177,259.222,2106.57291880092,3716.175,140614.666666667,160337.333333333,9441.812,94.755,8.8,0.0933333333333333,0.113333333333333,0.65,0.136666666666667,2.23333333333333,95.6081666666667,1.34628516666667,249.482736666667
"144",2020 Q4,20771.691,14008.054,3863.835,2233.569,3040.959,106.244,105.34,105.651,261.092,2116.70899968005,3701.905,142580,160792.333333333,9809.468,96.82,6.76666666666667,0.09,0.0933333333333333,0.863333333333333,0.116666666666667,2.30333333333333,97.2274666666666,1.37711358333333,247.335606666667
"145",2021 Q1,21058.379,14328.593,3840.228,2235.418,3102.184,107.59,106.529,106.54,263.686,2126.16000363994,3749.436,143527,160224,9889.82,97.805,6.23333333333333,0.08,0.05,1.31666666666667,0.0833333333333333,2.73,97.5045333333333,1.43480114333333,166.548833333333
"146",2021 Q2,21389.005,14809.081,3777.719,2253.207,3164.663,109.256,108.188,108.082,268.58,2135.59773828993,3709.192,145157,160946.666666666,10182.486,99.597,5.93333333333333,0.07,0.0266666666666667,1.59333333333333,0.06,2.88333333333333,99.0555666666667,1.58592953333333,135.16141
"147",2021 Q3,21571.421,14924.311,3923.193,2258.262,3230.229,110.897,109.681,109.385,272.886,2145.46473790067,3694.853,147239,161508.666666667,10462.844,101.018,5.06666666666667,0.09,0.0466666666666667,1.32333333333333,0.0766666666666667,2.55,99.7011666666667,1.61591986666667,142.931033333333
"148",2021 Q4,21960.388,15086.943,4175.67,2390.257,3386.276,112.826,111.491,110.811,278.719,2155.82402464885,3692.239,149185.333333333,162177.333333333,10771.972,102.517,4.2,0.08,0.0533333333333333,1.53666666666667,0.196666666666667,2.65,100.939133333333,1.71007035333333,146.493663333333
"149",2022 Q1,21903.85,15123.357,4250.699,2362.172,3494.255,115.119,113.585,112.465,284.845,2166.76938407152,3660.866,150742.333333333,163915.333333333,10909.675,103.282,3.83333333333333,0.12,0.306666666666667,1.94,0.963333333333333,3.20333333333333,101.9112,1.88830053333333,155.76784
"150",2022 Q2,21919.222,15219.86,4156.79,2433.713,3544.951,117.731,115.673,113.795,291.651,2178.01411058031,3647.157,151965.333333334,164100.333333333,11012.874,104.061,3.63333333333333,0.77,1.07666666666667,2.93,2.2,4.04333333333333,102.8969,2.32763752,156.21291
"151",2022 Q3,22066.784,15277.569,4096.015,2517.458,3495.702,119.057,117.014,115.247,295.508,2189.27666083152,3661.345,153282.666666667,164427.333333334,11296.312,104.733,3.53333333333333,2.19,2.66333333333333,3.10666666666667,3.39666666666667,4.24,103.251133333333,2.22938465666667,174.781566666667
"152",2022 Q4,22249.459,15323.98,4153.817,2510.25,3455.513,120.157,118.172,116.577,298.498,2200.467906819,3710.1,154153,164707.666666667,11343.14,104.979,3.56666666666667,3.65333333333333,4.04,3.83,4.61333333333333,4.81,102.7922,2.34828554333333,161.864513333333
"153",2023 Q1,22403.435,15510.201,4058.115,2522.456,3448.496,121.251,119.32,117.931,301.192,2211.638,3756.4,155012.333333333,166324.333333333,11499.275,105.429,3.53333333333333,4.51666666666667,4.62666666666667,3.64666666666667,4.76666666666667,4.52,102.7874,2.21665761,139.707476666667
"154",2023 Q2,22539.418,15548.526,4136.632,2491.635,3421.259,121.804,120.182,119.049,303.424,2222.757,3783.653,155624,166849.333333333,11660.403,105.172,3.53333333333333,4.99,5.07333333333333,3.59333333333333,4.94333333333333,4.59666666666667,102.861966666667,2.00706651666667,145.52999
"155",2023 Q3,22780.933,15646.695,4237.303,2521.467,3460.391,122.768,120.983,119.745,306.042,2233.877,3836.304,156176.333333333,167543,11843.456,105.239,3.66666666666667,5.26,5.29,4.15,5.39333333333333,4.91333333333333,103.158466666667,2.14166562333333,106.200606666667
"156",2023 Q4,22960.6,15781.367,4244.835,2559.591,3496.29,123.241,121.479,120.346,308.158,2245.206,3870.72,156703.666666667,167756.333333333,11975.364,105.219,3.8,5.33,5.28333333333333,4.44,5.22,5.21,102.6986,2.34172911333333,120.287703333333
"157",2024 Q1,23053.545,15856.867,4282.515,2571.763,3548.749,124.163,122.507,121.458,310.974,2256.661,3887.718,157279,167578.666666667,12270.74,105.149,3.83333333333333,5.33,5.23333333333333,4.16,4.9,4.97,102.242766666667,2.17648698333333,102.783623333333
"158",2024 Q2,23223.906,15967.266,4369.185,2578.386,3614.047,124.943,123.276,122.296,313.096,2268.266,3917.049,157792.666666667,167930.666666666,12363.5,105.405,4,5.33,5.24333333333333,4.44333333333333,5.13666666666667,5.22,102.8633,2.38717538666667,110.70035
"159",2024 Q3,23400.294,16113.035,4377.736,2638.199,3707.429,125.532,123.747,122.961,314.183,2280.063,3966.247,158130.333333333,168504.666666667,12425.052,105.601,4.16666666666667,5.26333333333333,4.99,3.94666666666667,4.45333333333333,4.89,102.7087,2.21892045,113.48328
"160",2024 Q4,23536.293,16278.452,4313.8,2634.793,3696.203,126.272,124.482,123.769,316.539,2292.027,3994.319,158639.666666667,168426.333333333,12583.495,105.819,4.13333333333333,4.65,4.4,4.28333333333333,4.25333333333333,5.09666666666667,102.3596,2.25764112,139.552553333333
"161",2025 Q1,23616.5604200603,16365.1067881888,4272.6729943162,2643.00725811307,3722.72775628839,127.273477339821,125.452694104963,124.803940818862,319.316197895155,2302.87094321634,4035.438849171,158756.37094889,168732.024150898,12712.6903136674,105.544638384876,4.37436218852337,4.33,4.15621816910724,4.19180644513243,4.04759589825251,5.06963073330302,101.651819336893,2.21352048991366,144.778607785184
"162",2025 Q2,23742.1855178399,16490.0390351878,4255.95624566918,2653.50009511989,3757.46658768556,128.287608675146,126.368651332821,125.84152042495,322.069915837528,2313.69024648498,4070.04812068393,159144.142361895,169083.274904724,12840.7247802708,105.337979176008,4.45032659428397,4.08,3.97501082569572,4.09850199588723,3.88495397434428,5.01378789688923,101.286788503528,2.18550907954885,148.630835041095
"163",2025 Q3,23841.2110898801,16575.4251806329,4233.81703292372,2658.98284017148,3793.7108975976,129.363568247836,127.377618743717,126.887513886049,324.937642698344,2324.49519082604,4106.79143038992,159435.663532416,169426.698218418,12959.9561237991,105.282622422818,4.59773077985809,3.83,3.79637161857765,4.01911385227468,3.7362442146599,4.9495141082571,100.767405396111,2.14591172371454,152.593505864592
"164",2025 Q4,23939.2121198785,16692.9450621457,4207.28821787212,2663.12189505599,3818.00860695226,130.427727834809,128.336021886473,127.956183102071,327.963443249946,2334.74693155124,4140.28886334673,159689.284176859,169743.45278711,13069.1393089867,104.904647443254,4.79888141624448,3.58,3.62016688122219,3.90894197369594,3.56071741606052,4.88014833281755,100.163923554768,2.10570224535349,155.566221237352
"165",2026 Q1,24027.7716096893,16787.2574450713,4165.78985682285,2670.73777731981,3844.33445266291,131.436345566386,129.291093295441,128.965382657982,330.821334362214,2345.10093319534,4172.8391272829,159953.6597282,169980.447814338,13166.4517157561,104.605248704692,5.0789711997418,3.33,3.48165366511737,3.86158355281191,3.43881298117591,4.85273323033855,99.6285986143956,2.08696814655767,154.838325214306
"166",2026 Q2,24174.5997959225,16895.329462216,4165.63031968561,2690.20336828204,3902.42655574015,132.534414145883,130.425181114093,130.069565723563,334.146121472172,2355.47419193619,4196.89569893499,160437.701063033,170295.313990263,13298.6544397046,104.661030563274,5.06365925847167,3.33,3.53599324480879,3.91418150948232,3.49768204590223,4.85076403387205,99.5526699754032,2.10870261526699,156.40588505291
"167",2026 Q3,24290.2924165141,17024.6695053066,4163.98515846161,2716.70462577421,3953.74001266032,133.650875929067,131.413508085234,131.168584077928,337.272991840182,2365.74766492956,4222.26080214293,160809.612856976,170617.778477413,13417.0465698978,104.633645405328,5.21056382050435,3.33,3.54665315259166,3.89352655684314,3.51479068876287,4.87313665412188,99.4682700081437,2.09092843918493,158.378549035434
"168",2026 Q4,24400.0045499929,17121.7113816231,4144.0524432653,2740.51971834744,4004.93729709331,134.761321688286,132.50844538398,132.24073827584,340.413322116789,2375.85145399145,4248.35134039582,161049.578696628,170878.920751505,13507.2380497224,104.480938074796,5.38657622716491,3.33,3.56163469486333,3.89967838347374,3.52351123117048,4.83691499245522,99.2910565466644,2.07292543903733,156.68109495088
"169",2027 Q1,24519.128109301,17245.2093755581,4155.16632641974,2766.21000153491,4059.71634116254,135.881434655526,133.649552160554,133.363225382017,343.694297631604,2385.57284173805,4269.44191259769,161563.038346948,171165.692487299,13650.9801130398,104.577099945074,5.45505343584058,3.33,3.58087006720286,3.90957094280426,3.51028468250064,4.83301441501517,99.4802191686623,2.06151797113541,158.533205730035
"170",2027 Q2,24646.011616503,17364.6897013414,4167.53938501249,2801.23251773203,4106.43895612846,137.014260998518,134.791075011409,134.455659426333,347.212254639501,2395.16651676836,4286.79710148658,162188.414614849,171490.215230821,13760.9203069064,104.579366343094,5.4790245943391,3.33,3.60247260752765,3.87385228535553,3.5238352407199,4.83181236921869,99.4804562690731,2.057811343293,156.425486086101
"171",2027 Q3,24748.5346213013,17460.0851277103,4168.33480329026,2825.76673187092,4181.22816168831,138.183504066763,135.837856856839,135.630515776485,350.688172953162,2404.83994806316,4305.83878181939,162923.888365301,171951.662998857,13872.359113917,104.760788005977,5.58848955300542,3.33,3.61504153493954,3.9333200721994,3.52845251060321,4.8444943765189,99.4920565611809,2.03520165246647,154.586080239943
"172",2027 Q4,24902.8394916691,17588.7106072964,4185.85701016511,2855.43550415056,4224.14556754009,139.332378341813,137.021052527047,136.746198590325,354.357708183473,2413.83324767448,4323.2397950974,163597.807400579,172188.236837562,13981.6461712341,104.896054040217,5.59169587440949,3.33,3.63393679424394,3.98564275966408,3.55787659635658,4.88886903438638,99.7294901988081,2.04377638679041,154.33583497197
