"","yq","GDP","Consumption","Investment..nonres.","Exports","Imports","GDP.Deflator","PCE.Price.Index","Core.PCE.Price.Index","CPI.U","Potential.GDP","Payroll.Employment","Labor.Force","Wages","Hours","Unemployment.Rate","Fed.Funds.Rate","TR3m.Rate","TR10y.Rate","TR1y.Rate","Moody.s.Aaa","Industrial.Production"
"1",1979 Q1,7238.727,4488.83,1014.607,337.545,389.471,34.904,33.804,33.687,69.2,711.906439880762,89114,104382.666666667,1208.636,66.782,5.86666666666667,10.0733333333333,9.38333333333333,9.10666666666667,10.3,9.29333333333333,51.7470666666667
"2",1979 Q2,7246.45399999999,4485.916,1013.693,338.425,391.58,35.759,34.728,34.427,71.4,718.164482923128,89771.3333333333,104327,1234.452,66.994,5.7,10.18,9.37666666666667,9.11333333333333,9.93666666666667,9.39,51.6299333333333
"3",1979 Q3,7300.281,4529.568,996.622,350.604,385.603,36.541,35.59,35.063,73.7,724.120824502841,90281.3333333333,105209.333333333,1269.457,67.606,5.86666666666667,10.9466666666667,9.67333333333333,9.10333333333333,10.1533333333333,9.29,51.477
"4",1979 Q4,7318.53499999999,4540.839,978.943,372.664,394.013,37.219,36.451,35.794,76.033,729.678186435852,90575.3333333333,105923.333333333,1300.996,67.761,5.96666666666667,13.5766666666667,11.8433333333333,10.4466666666667,12.27,10.5433333333333,51.6736666666667
"5",1980 Q1,7341.557,4534.348,972.248,383.064,394.279,38.001,37.546,36.67,79.033,734.71495491681,90892.3333333333,106567,1333.875,67.597,6.3,15.0466666666667,13.3533333333333,11.9866666666667,13.9333333333333,12.1433333333333,51.8842333333334
"6",1980 Q2,7190.289,4432.231,889.578999999999,390.286,365.647,38.905,38.464,37.49,81.7,739.146700811808,90456.6666666667,106766.666666667,1353.977,66.376,7.33333333333333,12.6866666666667,9.61666666666667,10.4766666666667,10.2833333333333,11.2033333333333,49.6782
"7",1980 Q3,7181.743,4480.849,830.866,389.455,339.334,39.774,39.364,38.325,83.233,742.986794514733,90050.6666666666,107120.666666667,1377.4,66.074,7.66666666666667,9.83666666666667,9.15333333333333,10.9533333333333,10.1366666666667,11.5766666666667,48.8647
"8",1980 Q4,7315.677,4541.39,908.305999999999,387.096,357.53,40.81,40.338,39.258,85.567,747.000813156718,90726.6666666666,107441.666666667,1428.827,66.962,7.4,15.8533333333333,13.6133333333333,12.4233333333333,13.84,12.83,50.7546666666666
"9",1981 Q1,7459.022,4556.603,992.376,394.376,372.79,41.885,41.384,40.129,87.933,751.211129933645,91116.0000000002,108273.666666666,1467.818,67.348,7.43333333333333,16.57,14.39,12.96,14.12,13.1633333333333,50.8790333333333
"10",1981 Q2,7403.745,4556.934,951.246,396.508,373.341,42.715,42.078,40.888,89.767,756.053922798075,91356.3333333333,108847.666666667,1496.839,67.4,7.4,17.78,14.9066666666667,13.75,15.1266666666667,13.9833333333333,51.0475666666667
"11",1981 Q3,7492.405,4578.013,1004.861,388.061,369.067,43.519,42.772,41.641,92.267,761.188079252119,91547.6666666667,108525,1530.725,67.362,7.4,17.5766666666667,15.0533333333333,14.8466666666667,16.32,14.92,51.5295666666667
"12",1981 Q4,7410.768,4546.699,969.475,389.842,379.634,44.271,43.427,42.381,93.767,766.61192595472,91148.6666666666,109057.333333333,1550.733,67.069,8.23333333333333,13.5866666666667,11.75,14.0866666666667,13.5466666666667,14.6166666666667,50.3698333333333
"13",1982 Q1,7295.631,4580.19,877.772,372.923,368.793,44.88,43.979,43.002,94.6,772.248979824057,90520.6666666666,109374.333333333,1567.744,65.94,8.83333333333333,14.2266666666667,12.8133333333333,14.2933333333333,14.3333333333333,15.01,49.3397666666667
"14",1982 Q2,7328.91199999999,4594.142,877.104,375.148,362.754,45.463,44.402,43.583,95.967,778.037554994275,90040.6666666666,110117.333333333,1581.934,66.244,9.43333333333333,14.5133333333333,12.42,13.93,13.7966666666667,14.51,48.7332333333334
"15",1982 Q3,7300.896,4624.939,869.067,358.512,379.579,46.108,45.103,44.282,97.633,783.948437655409,89355.6666666666,110525.666666667,1596.627,65.772,9.9,11.0066666666667,9.31666666666667,13.1166666666667,11.84,13.7533333333333,48.0432
"16",1982 Q4,7303.817,4705.953,801.889,342.083,364.681,46.586,45.601,44.899,97.933,789.993011273364,88821.3333333333,110959,1604.532,65.158,10.6666666666667,9.28666666666667,7.90666666666667,10.6666666666667,9.13,11.8766666666667,47.1455333333333
"17",1983 Q1,7400.066,4752.481,829.672000000001,347.601,373.039,46.938,45.978,45.488,98,796.030481178958,88999,110638.666666667,1622.636,65.555,10.3666666666667,8.65333333333333,8.10666666666667,10.5633333333333,8.86,11.8433333333333,47.6769333333333
"18",1983 Q2,7568.456,4849.254,903.148,348.641,401.723,47.286,46.398,45.836,99.133,802.22961828798,89676.3333333334,111167.666666667,1654.848,66.318,10.1333333333333,8.80333333333333,8.39666666666667,10.5433333333333,9.18,11.57,48.7462333333333
"19",1983 Q3,7719.746,4936.211,959.692,353.882,433.017,47.789,47.008,46.533,100.1,808.621772893988,90604.3333333333,112095,1691.575,67.644,9.36666666666667,9.46,9.14,11.6266666666667,10.2966666666667,12.3433333333333,50.4105333333333
"20",1983 Q4,7880.794,5014.874,1053.054,361.003,454.259,48.151,47.318,46.905,101.1,815.289930992665,91875,112160.333333333,1741.685,68.914,8.53333333333333,9.43,8.8,11.6866666666667,9.95333333333333,12.41,51.7293666666667
"21",1984 Q1,8034.847,5056.492,1154.826,368.538,490.776,48.639,47.83,47.379,102.533,822.237186975753,93086.3333333334,112512.333333333,1784.233,70.233,7.86666666666667,9.68666666666667,9.17,11.9433333333333,10.1766666666667,12.2833333333333,53.2534
"22",1984 Q2,8173.67000000001,5127.332,1192.381,377.698,511.335,49.055,48.293,47.934,103.5,829.465523371527,94123,113521.333333333,1828.356,71.147,7.43333333333333,10.5566666666667,9.79666666666667,13.2,11.5466666666667,13.2133333333333,54.0804
"23",1984 Q3,8252.465,5165.357,1218.184,386.042,524.572,49.491,48.665,48.384,104.4,836.88418660053,95054.9999999999,113837,1867.257,71.456,7.43333333333333,11.39,10.32,12.8666666666667,11.81,12.99,54.4507333333333
"24",1984 Q4,8320.199,5232.266,1202.383,393.897,539.948,49.861,48.966,48.728,105.3,844.448899689351,95906,114256.666666667,1900.656,71.922,7.3,9.26666666666667,8.80333333333333,11.7433333333333,10.0166666666667,12.35,54.4773333333333
"25",1985 Q1,8400.82,5321.159,1169.416,394.941,528.04,50.354,49.543,49.393,106.267,852.077650095785,96572.3333333334,114976.333333333,1932.369,72.497,7.23333333333333,8.47666666666667,8.18333333333333,11.5833333333333,9.39,12.2566666666667,54.6604666666667
"26",1985 Q2,8474.78700000001,5370.011,1189.334,394.094,553.985,50.678,49.945,49.821,107.233,859.752952458283,97269.6666666665,115176.666666666,1963.845,72.991,7.3,7.92333333333333,7.46,10.8133333333333,8.46666666666667,11.63,54.6991
"27",1985 Q3,8604.22,5472.014,1181.226,388.346,548.626,50.984,50.337,50.333,107.9,867.431845948285,97844.3333333333,115505.333333333,1997.626,73.196,7.2,7.9,7.10666666666667,10.3366666666667,7.99333333333333,11.03,54.6211
"28",1985 Q4,8668.188,5483.866,1224.763,399.932,570.096,51.269,50.688,50.694,109,875.070242821103,98428.3333333333,116211.333333333,2037.22,73.563,7.03333333333333,8.10333333333333,7.16666666666667,9.76,7.85333333333333,10.5766666666667,54.9301333333333
"29",1986 Q1,8749.127,5531.807,1224.404,412.459,569.527,51.524,51.047,51.241,109.567,882.645313221802,98837.6666666666,116928,2065.464,73.457,7.03333333333333,7.82666666666667,6.89666666666667,8.55666666666667,7.45666666666667,9.57333333333333,55.2605
"30",1986 Q2,8788.52399999999,5592.08,1203.028,416.899,593.759,51.719,50.993,51.592,109.033,890.168499377897,99174.6666666665,117642.666666667,2083.631,73.258,7.16666666666667,6.92,6.14,7.60333333333333,6.60666666666667,9.00333333333333,54.9336333333333
"31",1986 Q3,8872.601,5690.971,1170.667,426.441,610.217,51.931,51.263,51.947,109.7,897.67388140117,99665,118224.666666667,2113.131,73.628,6.96666666666667,6.20666666666667,5.52333333333333,7.30666666666667,5.99,8.83,55.1544333333333
"32",1986 Q4,8920.19299999999,5725.812,1174.171,442.373,614.953,52.214,51.573,52.37,110.467,905.14472595712,100312.666666667,118587,2154.242,74.183,6.83333333333333,6.26666666666667,5.35333333333333,7.26333333333333,5.79666666666667,8.67666666666667,55.781
"33",1987 Q1,8986.36700000001,5731.226,1205.858,442.767,611.348,52.548,52.061,52.701,111.8,912.570760232618,100920.333333333,119079,2194.256,75.107,6.6,6.22,5.53666666666667,7.19333333333333,5.92333333333333,8.36666666666667,56.514
"34",1987 Q2,9083.256,5809.376,1206.486,461.008,626.643,52.912,52.564,53.213,113.067,919.950738407518,101709,119662.666666667,2231.434,75.537,6.26666666666667,6.65,5.65666666666667,8.34333333333333,6.76666666666667,9.16666666666667,57.5258666666667
"35",1987 Q3,9162.024,5875.641,1206.662,481.019,638.858,53.313,53.062,53.69,114.267,927.293442767293,102438,120077,2271.965,76.063,6,6.84333333333333,6.04333333333333,8.87666666666667,7.12666666666667,9.75666666666667,58.6097666666667
"36",1987 Q4,9319.332,5888.065,1288.881,498.964,653.548,53.738,53.52,54.235,115.333,934.669962710713,103390.333333333,120592.666666667,2332.835,76.849,5.83333333333333,6.91666666666667,5.86333333333333,9.12333333333333,7.24,10.2133333333333,60.007
"37",1988 Q1,9367.502,5992.101,1227.008,526.673,650.47,54.159,53.943,54.759,116.233,942.011945057235,104152,121012.666666667,2367.096,76.92,5.7,6.66333333333333,5.72333333333333,8.41666666666667,6.78,9.55666666666667,60.5554666666667
"38",1988 Q2,9490.594,6036.355,1256.243,541.432,642.977999999999,54.686,54.539,55.422,117.567,949.403489381584,105006.666666667,121265,2422.462,78.002,5.46666666666667,7.15666666666667,6.21,8.91,7.3,9.81,61.0846
"39",1988 Q3,9546.206,6090.001,1263.222,552.101,658.148,55.34,55.21,56.061,119,956.809929744257,105745.666666667,121916.666666667,2463.571,78.211,5.46666666666667,7.98333333333333,7.01,9.1,8.00333333333333,9.96333333333333,61.3088666666667
"40",1988 Q4,9673.405,6159.246,1282.499,568.953,678.197,55.818,55.769,56.687,120.3,964.259385753842,106597,122488.333333333,2509.467,79.09,5.33333333333333,8.47,7.72666666666667,8.95666666666667,8.52666666666667,9.51,61.7462666666667
"41",1989 Q1,9771.725,6187.816,1326.029,585.946,681.351,56.4,56.41,57.306,121.667,971.708021783899,107403,123250.666666667,2541.872,79.882,5.2,9.44333333333333,8.54,9.20666666666667,9.29,9.68666666666667,62.0367
"42",1989 Q2,9846.293,6216.695,1313.202,611.6,684.581,57.001,57.169,57.827,123.633,979.153818878606,107910.333333333,123678,2564.689,80.191,5.23333333333333,9.72666666666667,8.41,8.77333333333333,8.92666666666667,9.48666666666667,61.8005666666667
"43",1989 Q3,9919.228,6276.877,1301.412,617.848000000001,683.65,57.417,57.506,58.257,124.6,985.668941637144,108186,124025.666666667,2593.525,80.374,5.23333333333333,9.08333333333333,7.84333333333333,8.10666666666667,8.09666666666667,8.96666666666667,61.4179
"44",1989 Q4,9938.767,6304.157,1291.758,627.2,696.019,57.826,57.959,58.791,125.867,993.227863322103,108688,124448.333333333,2637.258,80.378,5.36666666666667,8.61333333333333,7.65333333333333,7.90666666666667,7.82666666666667,8.89,61.6561
"45",1990 Q1,10047.386,6357.213,1304.586,654.439,718.091,58.45,58.799,59.468,128.033,1000.65685180612,109424,125781.333333333,2686.591,80.614,5.3,8.25,7.76,8.42333333333333,8.12666666666667,9.19333333333333,62.1073
"46",1990 Q2,10083.855,6376.579,1304.993,662.577,716.887,59.105,59.333,60.132,129.3,1007.91936834268,109784,125705,2741.034,80.263,5.33333333333333,8.24333333333333,7.74666666666667,8.67666666666667,8.27333333333333,9.39666666666667,62.5447666666667
"47",1990 Q3,10090.569,6401.841,1279.695,667.592,713.992,59.611,60.087,60.74,131.533,1014.94259275996,109648,125871.333333333,2771.624,79.854,5.7,8.16,7.47666666666667,8.70333333333333,7.82666666666667,9.40333333333333,62.7992666666667
"48",1990 Q4,9998.704,6353.139,1208.107,673.47,694.844,60.055,60.881,61.25,133.767,1021.72256257243,109255.666666667,126069,2774.773,79.512,6.13333333333333,7.74333333333333,6.99,8.39666666666667,7.30333333333333,9.29333333333333,61.8344333333333
"49",1991 Q1,9951.916,6329.249,1167.908,677.584,686.926,60.643,61.202,61.793,134.767,1028.30108799635,108787,126071,2774.065,78.733,6.6,6.42666666666667,6.02333333333333,8.01666666666667,6.43666666666667,8.93333333333333,60.6734
"50",1991 Q2,10029.51,6381.703,1167.904,702.289,699.135,61.088,61.536,62.27,135.567,1034.68595327176,108311,126351.666666667,2802.805,78.239,6.83333333333333,5.86333333333333,5.56,8.13,6.24333333333333,8.91,61.0208333333333
"51",1991 Q3,10080.195,6413.521,1191.028,718.914,718.81,61.566,61.954,62.83,136.6,1040.9384121427,108308,126318,2830.887,78.148,6.86666666666667,5.64333333333333,5.37666666666667,7.94,5.88666666666667,8.78666666666667,61.8953
"52",1991 Q4,10115.329,6410.312,1233.261,735.102,734.689,61.931,62.403,63.325,137.733,1047.1642872616,108330.333333333,126669,2861.159,78.016,7.1,4.81666666666667,4.54,7.34666666666667,4.86666666666667,8.44666666666667,62.0224
"53",1992 Q1,10236.435,6530.335,1210.478,748.392,740.026,62.161,62.795,63.809,138.667,1053.37547221866,108348.333333333,127357.333333333,2915.852,77.556,7.36666666666667,4.02333333333333,3.89333333333333,7.30333333333333,4.35666666666667,8.28,61.9472666666667
"54",1992 Q2,10347.429,6574.665,1278.935,748.748,752.191999999999,62.535,63.212,64.26,139.733,1059.65960755371,108623.666666667,128139.666666667,2954.982,77.858,7.6,3.77,3.68,7.37666666666667,4.22,8.27666666666667,63.0697
"55",1992 Q3,10449.673,6645.14,1289.101,764.615,764.049,62.841,63.615,64.64,140.8,1066.0762526065,108886.666666667,128559,2979.434,77.989,7.63333333333333,3.25666666666667,3.08333333333333,6.61666666666667,3.41666666666667,7.98,63.5661333333333
"56",1992 Q4,10558.648,6724.342,1328.433,768.448,782.338999999999,63.273,64.059,65.114,142.033,1072.58237024165,109307.666666667,128340.333333333,3023.755,78.491,7.36666666666667,3.03666666666667,3.07,6.74333333333333,3.56333333333333,8.02333333333333,64.2135
"57",1993 Q1,10576.275,6750.123,1359.751,770.163,799.278,63.628,64.441,65.563,143.067,1079.18413038192,109947.333333333,128485.333333333,3019.044,79.187,7.13333333333333,3.04,2.96,6.28,3.40666666666667,7.73333333333333,64.8008
"58",1993 Q2,10637.847,6811.522,1367.575,779.368000000001,815.792,64.007,64.874,66.061,144.1,1085.965868023,110537.666666667,129086.333333333,3069.757,80.082,7.06666666666667,3,2.96666666666667,5.99,3.38,7.40666666666667,64.9301666666667
"59",1993 Q3,10688.606,6887.329,1358.287,777.273,826.535,64.387,65.156,66.43,144.767,1092.84827357451,111234.333333333,129428,3096.91,80.561,6.8,3.06,3.00333333333333,5.61666666666667,3.42333333333333,6.89333333333333,65.1770666666667
"60",1993 Q4,10833.987,6947.788,1429.661,802.325,859.74,64.738,65.531,66.772,145.967,1099.82883989045,112015.333333333,129741.666666666,3144.931,81.328,6.63333333333333,2.99,3.06,5.60666666666667,3.52666666666667,6.84333333333333,66.1952333333333
"61",1994 Q1,10939.116,7027.255,1484.116,810.201,879.77,65.048,65.766,67.075,146.7,1106.89471898394,112876,130555,3156.632,81.837,6.56666666666667,3.21333333333333,3.24333333333333,6.06666666666667,3.91,7.16,67.0104666666667
"62",1994 Q2,11087.361,7081.931,1557.107,837.555,912.55,65.362,66.133,67.526,147.533,1114.03435211018,113916.666666667,130653.666666667,3227.404,83.164,6.2,3.94,3.98666666666667,7.08333333333333,5.13333333333333,7.94666666666667,68.2342333333333
"63",1994 Q3,11152.176,7135.93,1531.67,868.903,938.211,65.737,66.608,67.903,148.9,1121.3206264654,114919.333333333,131116,3262.723,84.14,6,4.48666666666667,4.47666666666667,7.33333333333333,5.6,8.17333333333333,69.1044666666667
"64",1994 Q4,11279.932,7213.07899999999,1594.684,888.962,964.609,66.093,66.92,68.248,149.767,1128.71700288537,115832.666666667,131862,3315.659,84.496,5.63333333333333,5.16666666666667,5.28,7.83666666666667,6.59666666666667,8.57,70.5045666666666
"65",1995 Q1,11319.951,7231.032,1611.428,906.086,985.774,66.452,67.248,68.606,150.867,1136.18228115635,116702.333333334,132087,3362.141,84.899,5.46666666666667,5.81,5.73666666666667,7.48333333333333,6.72666666666667,8.28,71.2396333333333
"66",1995 Q2,11353.721,7294.424,1577.96,918.791,995.136,66.771,67.638,69.013,152.1,1143.7846726697,117134.333333334,132130,3399.263,84.778,5.66666666666667,6.02,5.59666666666667,6.62,5.97,7.66,71.4620666666666
"67",1995 Q3,11450.31,7360.529,1568.555,958.551,998.554999999999,67.1,67.915,69.342,152.867,1151.47041225451,117633.666666667,132430,3442.968,85.751,5.66666666666667,5.79666666666667,5.36666666666667,6.32333333333333,5.65333333333333,7.43333333333333,72.1533333333334
"68",1995 Q4,11528.067,7411.873,1607.513,972.233,1011.318,67.423,68.213,69.69,153.7,1159.3611621701,118172,132613.666666667,3484.076,85.97,5.56666666666667,5.72,5.26,5.89333333333333,5.44333333333333,6.98666666666667,72.7381333333333
"69",1996 Q1,11614.418,7480.231,1633.332,983.934,1044.193,67.747,68.593,69.964,155.067,1167.42162330146,118682,132916,3528.308,86.14,5.53333333333333,5.36333333333333,4.93,5.91,5.12333333333333,7.05,73.2353333333333
"70",1996 Q2,11808.14,7560.702,1711.813,999.928000000001,1067.562,68.028,69.052,70.296,156.4,1176.01139837713,119474.666666667,133591,3594.02,86.946,5.5,5.24333333333333,5.02,6.72,5.66333333333333,7.61,74.8119666666666
"71",1996 Q3,11914.063,7606.47500000001,1789.565,1008.015,1102.174,68.251,69.346,70.617,157.3,1185.24657305572,120205.666666667,134284.333333333,3651.335,87.673,5.26666666666667,5.30666666666667,5.09666666666667,6.78,5.78333333333333,7.59,75.7865666666666
"72",1996 Q4,12037.775,7667.062,1787.19,1070.864,1123.911,68.615,69.819,71.019,158.667,1195.10779038254,120918.333333333,135013.666666667,3708.714,88.671,5.33333333333333,5.28,4.97666666666667,6.34333333333333,5.48,7.23,76.8300666666667
"73",1997 Q1,12115.472,7747.88,1823.255,1091.223,1171.915,69.025,70.127,71.298,159.633,1205.57947404929,121674,135582.333333333,3780.52,89.424,5.23333333333333,5.27666666666667,5.06,6.56333333333333,5.64666666666667,7.42666666666667,78.2862333333333
"74",1997 Q2,12317.221,7782.76,1935.157,1134.842,1211.249,69.162,70.303,71.67,160,1216.59918919861,122554.666666666,136115.333333333,3839.988,89.857,5,5.52333333333333,5.04666666666667,6.69666666666667,5.85,7.57333333333333,79.4038333333333
"75",1997 Q3,12471.01,7915.359,1962.053,1161.1,1255.884,69.464,70.488,71.837,160.8,1228.21396235901,123258.333333334,136590,3907.42,90.392,4.86666666666667,5.53333333333333,5.04666666666667,6.24333333333333,5.54,7.17,81.2606
"76",1997 Q4,12577.495,8009.964,1990.86,1159.431,1282.987,69.695,70.71,72.065,161.667,1240.30914820985,124233,136916.333333333,3997.056,90.822,4.66666666666667,5.50666666666667,5.09,5.90666666666667,5.48333333333333,6.87666666666667,83.3255333333334
"77",1998 Q1,12703.742,8090.98699999999,2078.205,1164.787,1331.107,69.794,70.715,72.277,162,1252.85308886171,124996,137147.666666667,4079.287,91.392,4.63333333333333,5.52,5.05333333333333,5.58666666666667,5.31333333333333,6.66666666666667,84.2683333333333
"78",1998 Q2,12821.339,8233.463,2065.336,1151.95,1361.614,69.959,70.843,72.498,162.533,1265.89925158585,125789.333333333,137325.666666667,4149.93,91.861,4.4,5.5,4.97666666666667,5.59666666666667,5.41,6.63666666666667,84.8338333333334
"79",1998 Q3,12982.752,8340.831,2118.989,1146.707,1379.986,70.255,71.062,72.756,163.367,1279.29199179482,126500.333333333,137814.666666667,4222.021,91.989,4.53333333333333,5.53333333333333,4.82333333333333,5.20333333333333,5.09333333333333,6.49,85.4761333333334
"80",1998 Q4,13191.67,8461.32999999999,2183.382,1189.349,1424.651,70.453,71.249,72.988,164.133,1293.04541860306,127255.333333333,138431.333333333,4293.478,93.121,4.43333333333333,4.86,4.25333333333333,4.67,4.39,6.33333333333333,86.6546666666667
"81",1999 Q1,13315.597,8548.235,2243.548,1185.37,1464.906,70.682,71.389,73.171,164.733,1307.15353347053,128017,138900,4372.655,92.992,4.3,4.73333333333333,4.40666666666667,4.98333333333333,4.66333333333333,6.42,87.6196666666667
"82",1999 Q2,13426.748,8679.143,2244.682,1200.094,1506.978,70.949,71.796,73.425,165.967,1321.51800243333,128831,139131.666666667,4416.915,93.504,4.26666666666667,4.74666666666667,4.45333333333333,5.54,4.88,6.93333333333333,88.4489333333333
"83",1999 Q3,13604.771,8776.715,2306.47,1236.298,1561.455,71.2,72.191,73.695,167.2,1336.09996763803,129588.333333333,139497,4480.152,94.105,4.23333333333333,5.09333333333333,4.65,5.88333333333333,5.16,7.32666666666667,89.2469666666667
"84",1999 Q4,13827.98,8905.093,2367.988,1262.725,1601.395,71.595,72.629,74.042,168.433,1350.8997005238,130476,139991,4590.98,94.503,4.06666666666667,5.30666666666667,5.04333333333333,6.14,5.60666666666667,7.48666666666667,90.8340333333333
"85",2000 Q1,13878.147,9039.74300000001,2351.223,1280.897,1661.851,72.071,73.219,74.43,170.1,1365.79097184455,131245.333333333,142385.666666667,4758.656,94.934,4.03333333333333,5.67666666666667,5.52,6.48,6.18666666666667,7.71333333333333,91.7389
"86",2000 Q2,14130.908,9124.152,2490.501,1319.937,1714.792,72.52,73.568,74.689,171.433,1380.25579099961,132016.666666667,142576.666666667,4786.604,95.203,3.93333333333333,6.27333333333333,5.71333333333333,6.17666666666667,6.21666666666667,7.76666666666667,92.8674666666666
"87",2000 Q3,14145.312,9211.569,2466.375,1351.623,1776.491,72.944,74.042,75.05,173,1394.066048546,132266.666666667,142436.666666666,4878.79,95.183,4,6.52,6.01666666666667,5.89333333333333,6.13,7.60666666666667,92.8036666666667
"88",2000 Q4,14229.765,9292.04999999999,2471.534,1338.104,1779.089,73.337,74.46,75.421,174.233,1407.14019334543,132541.333333333,142944,4905.668,94.835,3.9,6.47333333333333,6.01666666666667,5.56666666666667,5.9,7.40333333333333,92.5487
"89",2001 Q1,14183.12,9325.751,2358.969,1321.256,1756.138,73.822,75.012,75.912,175.9,1419.49820611179,132747.333333333,143808.333333333,4987.238,94.791,4.23333333333333,5.59333333333333,4.81666666666667,5.05,4.59666666666667,7.07666666666667,91.4114666666667
"90",2001 Q2,14271.694,9344.48600000001,2362.652,1282.544,1699.93,74.266,75.363,76.199,177.133,1431.15397227867,132388.333333333,143414.666666667,4969.261,93.869,4.4,4.32666666666667,3.66,5.27,3.78,7.22333333333333,90.2600666666666
"91",2001 Q3,14214.516,9377.003,2311.409,1216.869,1661.369,74.558,75.401,76.395,177.633,1442.12693108566,131985,143642.333333333,4944.066,92.746,4.83333333333333,3.49666666666667,3.17,4.98,3.30333333333333,7.10666666666667,89.0223666666667
"92",2001 Q4,14253.574,9528.30199999999,2196.554,1174.568,1644.162,74.792,75.432,76.764,177.5,1452.52256684961,131193,144210.333333333,4945.952,91.693,5.5,2.13333333333333,1.90666666666667,4.77,2.24333333333333,6.92333333333333,88.0476333333333
"93",2002 Q1,14372.785,9549.51599999999,2262.071,1200.226,1690.878,75.027,75.584,77,178.067,1462.40033454752,130772.333333333,144339,4953.879,90.932,5.7,1.73333333333333,1.72,5.07666666666667,2.32,6.62333333333333,88.6825666666666
"94",2002 Q2,14460.848,9597.82,2298.939,1235.95,1747.541,75.289,76.145,77.423,179.467,1471.94389010747,130640,144823.666666667,5006.446,91.131,5.83333333333333,1.75,1.71333333333333,5.1,2.34333333333333,6.71333333333333,90.0530333333333
"95",2002 Q3,14519.633,9664.988,2295.983,1239.872,1769.759,75.65,76.539,77.836,180.433,1481.31020986462,130556,145121.333333333,5020.511,90.793,5.73333333333333,1.74,1.64333333333333,4.26,1.81333333333333,6.35,90.6104666666667
"96",2002 Q4,14537.58,9718.74500000001,2293.746,1221.597,1801.535,76.089,76.896,78.113,181.5,1490.55356860491,130566,145140.333333333,5035.549,90.95,5.86666666666667,1.44333333333333,1.33333333333333,4.00666666666667,1.53,6.28,90.5613666666667
"97",2003 Q1,14614.141,9766.616,2312.465,1217.842,1793.694,76.461,77.484,78.354,183.367,1499.78371080451,130416.333333333,146019.666666667,5035.694,90.481,5.86666666666667,1.25,1.15666666666667,3.92,1.3,6.00333333333333,91.1293333333334
"98",2003 Q2,14743.567,9878.44199999999,2327.492,1219.986,1819.841,76.73,77.562,78.651,183.067,1509.0807386326,130184.333333333,146676.666666667,5109.829,90.198,6.13333333333333,1.24666666666667,1.04,3.62,1.15333333333333,5.31,90.4502333333333
"99",2003 Q3,14988.782,10018.122,2411.638,1253.316,1848.341,77.169,78.073,79.011,184.433,1518.38773637967,130196.666666667,146486.666666667,5177.406,90.313,6.13333333333333,1.01666666666667,0.93,4.23333333333333,1.22333333333333,5.69666666666667,91.0540333333333
"100",2003 Q4,15162.76,10087.092,2493.928,1309.666,1907.048,77.639,78.457,79.365,185.133,1527.83886847933,130503.333333333,146815,5264.906,90.75,5.83333333333333,0.996666666666667,0.916666666666667,4.28666666666667,1.3,5.65666666666667,91.9348666666667
"101",2004 Q1,15248.68,10181.141,2498.14,1339.286,1960.461,78.193,79.062,79.802,186.7,1537.48388827588,130905,146831.666666667,5283.996,91.152,5.7,1.00333333333333,0.916666666666667,4.02,1.22333333333333,5.45666666666667,92.5877
"102",2004 Q2,15366.85,10236.694,2597.507,1367.358,2037.69,78.824,79.594,80.258,188.167,1547.29941240382,131634.333333333,147125,5390.75,91.25,5.6,1.01,1.07666666666667,4.6,1.77666666666667,5.92666666666667,93.1151
"103",2004 Q3,15512.619,10356.936,2638.672,1371.93,2065.934,79.324,79.985,80.545,189.367,1557.35269261691,131961.333333333,147557,5502.469,91.761,5.43333333333333,1.43333333333333,1.48666666666667,4.30333333333333,2.08,5.64333333333333,93.6385333333333
"104",2004 Q4,15670.88,10474.084,2693.575,1404.51,2114.053,79.939,80.669,80.982,191.4,1567.55586240754,132521.333333333,148004.666666666,5546.092,92.289,5.43333333333333,1.95,2.00666666666667,4.17333333333333,2.46666666666667,5.48666666666667,94.9708333333334
"105",2005 Q1,15844.727,10540.638,2769.261,1430.827,2132.265,80.578,81.138,81.558,192.367,1577.57961369231,132988.666666667,148261.333333333,5586.072,92.529,5.3,2.47,2.53666666666667,4.29666666666667,3.06333333333333,5.32,96.2946333333333
"106",2005 Q2,15922.782,10657.449,2733.225,1462.813,2160.811,81.158,81.651,81.962,193.667,1587.31699839587,133718.333333333,149141.666666667,5649.387,93.022,5.1,2.94333333333333,2.86333333333333,4.16,3.33666666666667,5.14666666666667,96.8360333333333
"107",2005 Q3,16047.587,10745.873,2769.106,1462.546,2172.945,81.898,82.532,82.281,196.6,1596.88433399297,134452.333333333,149721.666666667,5749.835,93.241,4.96666666666667,3.46,3.36,4.21333333333333,3.78666666666667,5.09333333333333,96.4248333333333
"108",2005 Q4,16136.734,10765.68,2857.35,1507.833,2242.978,82.571,83.189,82.831,198.433,1606.2035941636,134933.333333333,150032,5826.679,93.858,4.96666666666667,3.98,3.82666666666667,4.49,4.28666666666667,5.38,97.305
"109",2006 Q1,16353.835,10883.075,2899.229,1568.985,2289.138,83.156,83.621,83.311,199.467,1615.25940875564,135731,150556,5983.062,94.86,4.73333333333333,4.45666666666667,4.39333333333333,4.57,4.63333333333333,5.39,98.229
"110",2006 Q2,16396.151,10939.498,2882.564,1598.092,2311.934,83.882,84.355,83.975,201.267,1624.07971418067,136264,151101.333333333,6024.18999999999,95.078,4.63333333333333,4.90666666666667,4.70333333333333,5.07,5.02,5.89333333333333,98.8099333333334
"111",2006 Q3,16420.738,11009.748,2871.589,1596.037,2335.034,84.468,84.962,84.427,203.167,1632.48252123176,136683.666666667,151585,6073.028,95.45,4.63333333333333,5.24666666666667,4.90666666666667,4.89666666666667,5.09,5.68,99.2014666666666
"112",2006 Q4,16561.866,11114.771,2818.228,1656.573,2332.033,84.77,84.822,84.791,202.333,1640.44319039865,137052,152393,6192.991,95.901,4.43333333333333,5.24666666666667,4.90333333333333,4.63,4.98666666666667,5.38666666666667,99.4439
"113",2007 Q1,16611.69,11183.323,2800.037,1689.392,2365.98,85.576,85.597,85.375,204.317,1648.48880288461,137604,153059.333333334,6354.735,95.854,4.5,5.25666666666667,4.98333333333333,4.68,5.01,5.36333333333333,100.455466666667
"114",2007 Q2,16713.314,11212.669,2827.01,1714.981,2378.558,86.171,86.324,85.731,206.631,1656.66499251739,137969,152715.333333333,6381.396,96.263,4.5,5.25,4.73666666666667,4.84666666666667,4.93333333333333,5.57666666666667,101.617966666667
"115",2007 Q3,16809.587,11287.468,2794.526,1768.587,2391.879,86.642,86.812,86.152,207.939,1664.95532225109,138052.666666667,153072.333333333,6407.743,96.01,4.66666666666667,5.07333333333333,4.30333333333333,4.73,4.52333333333333,5.75333333333333,101.7108
"116",2007 Q4,16915.191,11331.949,2762.518,1809.181,2369.287,86.993,87.694,86.747,210.49,1673.2836359592,138287.666666667,153645.333333333,6485.268,95.765,4.8,4.49666666666667,3.39,4.26,3.62,5.53,102.0459
"117",2008 Q1,16843.003,11316.411,2686.998,1838.024,2378.171,87.315,88.408,87.207,212.77,1681.56057557105,138325,153874.666666667,6552.34,95.434,5,3.17666666666667,2.04333333333333,3.66333333333333,2.1,5.45666666666667,101.7919
"118",2008 Q2,16943.291,11347.595,2641.85,1892.001,2355.67,87.738,89.269,87.573,215.538,1689.58949816392,137862.333333333,154128.333333333,6544.06900000001,94.874,5.33333333333333,2.08666666666667,1.62666666666667,3.88666666666667,2.07333333333333,5.6,100.253933333333
"119",2008 Q3,16854.295,11260.136,2589.254,1883.563,2325.941,88.399,90.221,88.02,218.861,1697.32382774269,137157,154560,6558.017,93.829,6,1.94,1.49333333333333,3.86333333333333,2.12333333333333,5.65333333333333,96.9420333333334
"120",2008 Q4,16485.35,11158.801,2338.938,1772.8,2241.832,88.613,88.781,87.951,213.849,1704.65763920577,135561,154723.333333333,6529.371,91.428,6.86666666666667,0.506666666666667,0.296666666666667,3.25333333333333,0.993333333333333,5.81666666666667,92.7956
"121",2009 Q1,16298.262,11130.464,2073.135,1631.257,2028.74,88.543,88.181,87.95,212.378,1711.45001779875,133295.666666667,154293.666666667,6234.589,88.968,8.26666666666667,0.183333333333333,0.213333333333333,2.73666666666667,0.566666666666667,5.27333333333333,87.5610333333333
"122",2009 Q2,16269.145,11075.748,1952.641,1641.991,1946.352,88.396,88.531,88.294,213.507,1717.84100628242,131432,154657.333333333,6262.793,86.791,9.3,0.18,0.173333333333333,3.31333333333333,0.52,5.51333333333333,85.1361666666667
"123",2009 Q3,16326.281,11150.23,1946.867,1702.68,2026.658,88.501,89.142,88.607,215.344,1723.89158271033,130460.333333333,154212,6245.162,85.717,9.63333333333333,0.156666666666667,0.156666666666667,3.51666666666667,0.446666666666667,5.26666666666667,86.5689
"124",2009 Q4,16502.754,11137.946,2128.516,1796.464,2125.297,88.781,89.83,89.159,217.03,1729.79985022116,129976,153591,6286.581,85.713,9.93333333333333,0.12,0.0566666666666667,3.46,0.35,5.2,87.9200333333333
"125",2010 Q1,16582.71,11202.495,2174.335,1836.914,2178.743,89.036,90.177,89.464,217.374,1735.79059807202,129790.666666667,153710.666666667,6240.243,86.085,9.83333333333333,0.133333333333333,0.106666666666667,3.71666666666667,0.366666666666667,5.29333333333333,89.6099666666667
"126",2010 Q2,16743.162,11302.955,2288.469,1877.331,2278.127,89.471,90.317,89.705,217.297,1741.95897164621,130424,154109.666666667,6368.23,86.744,9.63333333333333,0.193333333333333,0.146666666666667,3.49,0.38,5.04333333333333,91.3551333333333
"127",2010 Q3,16872.266,11383.596,2390.072,1930.963,2357.757,89.743,90.491,89.843,217.934,1748.44783113416,130391,153917.333333333,6430.527,87.159,9.46666666666667,0.186666666666667,0.156666666666667,2.78666666666667,0.27,4.58,92.5672666666666
"128",2010 Q4,16960.864,11453.368,2383.297,1983.824,2366.425,90.264,91.07,90.127,219.699,1755.18569703779,130733.333333333,153803.333333334,6481.441,87.585,9.5,0.186666666666667,0.136666666666667,2.86333333333333,0.256666666666667,4.85666666666667,92.9545
"129",2011 Q1,16920.632,11497.12,2338.901,2000.839,2377.978,90.726,91.835,90.523,222.044,1762.18331122987,131058.333333333,153284.333333333,6584.872,87.73,9.03333333333333,0.156666666666667,0.126666666666667,3.46,0.273333333333333,5.13,93.4539333333334
"130",2011 Q2,17035.114,11508.95,2434.538,2034.722,2386.867,91.326,92.738,91.052,224.568,1769.42897344965,131744,153456,6615.89,88.602,9.06666666666667,0.0933333333333333,0.0466666666666667,3.21,0.206666666666667,5.03666666666667,93.8262333333334
"131",2011 Q3,17031.313,11543.975,2445.296,2062.73,2413.346,91.876,93.167,91.468,226.033,1776.90915489273,132154,153726.333333333,6689.659,88.84,9,0.0833333333333333,0.0233333333333333,2.42666666666667,0.133333333333333,4.46333333333333,94.8725333333334
"132",2011 Q4,17222.583,11563.89,2633.829,2078.364,2445.03,91.985,93.474,91.794,227.047,1784.54331705099,132710.333333334,154028,6645.66,89.675,8.63333333333333,0.0733333333333333,0.0133333333333333,2.04666666666667,0.113333333333333,3.92666666666667,95.8492666666667
"133",2012 Q1,17367.01,11647.297,2692.179,2103.747,2457.077,92.525,94.094,92.373,228.326,1792.30952263683,133500.333333333,154600.333333333,6844.206,90.341,8.26666666666667,0.103333333333333,0.0666666666666667,2.03666666666667,0.156666666666667,3.89666666666667,96.7955333333333
"134",2012 Q2,17444.525,11667.753,2752.614,2124.46,2466.212,92.907,94.321,92.755,228.808,1800.23569962703,133923.333333333,154831.333333333,6884.319,90.473,8.2,0.153333333333333,0.0866666666666667,1.82333333333333,0.186666666666667,3.8,97.3957666666667
"135",2012 Q3,17469.65,11691.414,2759.86,2137.473,2479.452,93.417,94.595,93.023,229.841,1808.26457499669,134337.333333333,154957,6914.235,90.985,8.03333333333333,0.143333333333333,0.103333333333333,1.64333333333333,0.183333333333333,3.45666666666667,97.3888333333333
"136",2012 Q4,17489.852,11738.007,2736.423,2139.526,2456.092,93.885,95.126,93.435,231.369,1816.37937686726,134855.666666667,155506.666666667,7101.772,91.507,7.8,0.16,0.0866666666666667,1.70666666666667,0.173333333333333,3.54,97.8759666666666
"137",2013 Q1,17662.4,11814.326,2845.38,2150.631,2453.983,94.258,95.459,93.8,232.299,1824.6421371142,135497,155360,7052.213,92.128,7.73333333333333,0.143333333333333,0.0866666666666667,1.95,0.153333333333333,3.87666666666667,98.6213333333333
"138",2013 Q2,17709.671,11848.089,2882.489,2170.131,2489.615,94.461,95.508,94.064,232.045,1832.94404683797,136082.333333333,155559.666666667,7111.514,92.494,7.53333333333333,0.116666666666667,0.05,1.99666666666667,0.126666666666667,3.96333333333333,99.0683
"139",2013 Q3,17860.45,11896.258,2998.991,2188.712,2507.502,94.924,95.901,94.434,233.3,1841.27448409761,136619.333333333,155630.333333333,7121.511,92.863,7.23333333333333,0.0833333333333333,0.0333333333333333,2.71,0.123333333333333,4.50666666666667,99.4698
"140",2013 Q4,18016.147,12001.027,3027.805,2251.769,2527.321,95.426,96.254,94.841,234.163,1849.69339613381,137243.333333333,155040,7205.135,93.126,6.93333333333333,0.0866666666666667,0.0633333333333333,2.74666666666667,0.123333333333333,4.59333333333333,100.1453
"141",2014 Q1,17953.974,12044.203,2998.148,2230.209,2559.945,95.788,96.696,95.141,235.621,1858.20167903912,137752.666666667,155621,7367.727,93.498,6.66666666666667,0.0733333333333333,0.0466666666666667,2.76333333333333,0.123333333333333,4.44,100.826833333333
"142",2014 Q2,18185.911,12159.899,3121.321,2278.387,2618.248,96.33,97.129,95.556,236.872,1866.78078637933,138552.666666667,155586.666666667,7418.852,94.472,6.2,0.0933333333333333,0.0333333333333333,2.62333333333333,0.103333333333333,4.21666666666667,102.214633333333
"143",2014 Q3,18406.941,12280.086,3193.152,2287.79,2623.176,96.726,97.394,95.915,237.478,1875.52130291683,139301.666666667,156059,7512.63,95.234,6.06666666666667,0.09,0.0266666666666667,2.49666666666667,0.11,4.11666666666667,102.789766666667
"144",2014 Q4,18500.031,12421.595,3203.351,2306.749,2692.035,96.822,97.265,96.175,236.888,1884.33381402421,140083.666666667,156414.333333333,7643.904,96.202,5.7,0.1,0.0233333333333333,2.28,0.146666666666667,3.87666666666667,103.391333333333
"145",2015 Q1,18666.621,12516.902,3314.895,2288.491,2732.128,96.769,96.829,96.336,235.355,1893.19810899884,140772.666666667,156772.333333333,7755.938,96.692,5.53333333333333,0.11,0.0266666666666667,1.96666666666667,0.223333333333333,3.57,102.2386
"146",2015 Q2,18782.243,12603.053,3328.049,2294.628,2753.525,97.325,97.312,96.765,236.96,1902.11044284224,141481,157257.666666667,7840.672,96.951,5.43333333333333,0.123333333333333,0.02,2.16666666666667,0.25,3.89666666666667,100.817266666667
"147",2015 Q3,18857.418,12691.79,3335.27,2276.101,2772.301,97.583,97.565,97.077,237.855,1911.00709429762,142130.333333333,156967.333333333,7913.262,97.079,5.1,0.136666666666667,0.04,2.22,0.35,4.08666666666667,100.8796
"148",2015 Q4,18892.206,12743.411,3315.334,2273.012,2780.142,97.581,97.49,97.319,237.837,1919.86585473721,142821.333333333,157555,7968.523,97.779,5.03333333333333,0.16,0.123333333333333,2.19,0.463333333333333,3.99333333333333,99.5133333333333
"149",2016 Q1,19001.69,12839.618,3301.09,2266.512,2776.83,97.496,97.538,97.726,237.689,1928.69252814456,143426.333333333,158699.666666667,8003.469,98.027,4.9,0.36,0.286666666666667,1.92,0.576666666666667,3.92666666666667,98.8419333333334
"150",2016 Q2,19062.709,12903.306,3287.033,2284.053,2780.375,98.159,98.157,98.262,239.59,1937.51506676971,143967,158964,8050.156,98.285,4.93333333333333,0.373333333333333,0.256666666666667,1.75333333333333,0.566666666666667,3.59,98.4879666666667
"151",2016 Q3,19197.938,12993.064,3301.079,2321.136,2800.667,98.41,98.496,98.689,240.607,1946.32045734545,144716.333333333,159490,8130.424,98.755,4.9,0.396666666666667,0.296666666666667,1.56333333333333,0.556666666666667,3.33666666666667,98.7477
"152",2016 Q4,19304.352,13060.061,3391.749,2303.823,2841.006,98.886,98.947,99.029,242.135,1955.1310617194,145219,159596.333333334,8224.858,98.85,4.76666666666667,0.45,0.43,2.13,0.756666666666667,3.81,98.7028666666667
"153",2017 Q1,19398.343,13160.475,3382.703,2359.904,2885.003,99.39,99.524,99.488,243.839,1964.00894728186,145815,159872,8321.309,99.19,4.56666666666667,0.7,0.59,2.44333333333333,0.886666666666667,3.96,98.7668666666667
"154",2017 Q2,19506.949,13225.743,3435.929,2367.862,2912.428,99.65,99.724,99.821,244.12,1973.02979232778,146379,160201.666666667,8412.804,99.816,4.36666666666667,0.95,0.89,2.26333333333333,1.12,3.8,100.168866666667
"155",2017 Q3,19660.766,13315.382,3493.166,2381.788,2923.573,100.162,100.077,100.123,245.287,1982.36025521808,146899.333333333,160729.333333333,8529.079,100.06,4.33333333333333,1.15333333333333,1.03666666666667,2.24333333333333,1.24333333333333,3.65333333333333,99.8223333333334
"156",2017 Q4,19882.352,13460.902,3558.859,2443.487,3005.351,100.778,100.676,100.568,247.238,1991.9841852531,147348.666666667,160474.333333333,8676.874,100.691,4.16666666666667,1.20333333333333,1.20666666666667,2.37,1.55333333333333,3.56,101.2419
"157",2018 Q1,20044.077,13558.373,3612.936,2459.308,3017.795,101.419,101.38,101.208,249.322,2001.91701081553,147998,161459.333333333,8772.662,101.225,4.03333333333333,1.44666666666667,1.56,2.76,1.94,3.74666666666667,101.8038
"158",2018 Q2,20150.476,13630.967,3612.389,2472.656,3021.689,102.136,101.912,101.751,250.679,2012.17191743255,148707,161943,8853.506,101.739,3.93333333333333,1.73666666666667,1.84,2.92,2.25,3.93666666666667,102.987233333333
"159",2018 Q3,20276.154,13693.79,3722.248,2441.791,3064.175,102.577,102.254,102.076,251.686,2022.6065825728,149219,162029.333333333,8979.529,102.18,3.76666666666667,1.92333333333333,2.04,2.92666666666667,2.46666666666667,3.91,103.839466666667
"160",2018 Q4,20304.874,13736.572,3724.752,2451.936,3096.191,103.019,102.642,102.552,252.711,2033.1495409344,149650.666666667,162881.333333333,9034.73300000001,102.497,3.83333333333333,2.22,2.31666666666667,3.03333333333333,2.67,4.12666666666667,103.9958
"161",2019 Q1,20431.641,13758.331,3755.53,2474.928,3094.294,103.328,102.851,102.964,253.386,2043.79221536258,150139.666666667,162955.333333333,9233.27700000001,102.52,3.86666666666667,2.40333333333333,2.38666666666667,2.65333333333333,2.54,3.83,103.007
"162",2019 Q2,20602.275,13875.705,3790.049,2462.392,3111.425,103.862,103.426,103.399,255.247,2054.54495402772,150684.333333333,162835,9285.008,102.86,3.63333333333333,2.39666666666667,2.3,2.33333333333333,2.25333333333333,3.59333333333333,102.411633333333
"163",2019 Q3,20843.322,14033.222,3819.94,2462.912,3097.883,104.192,103.675,103.783,256.089,2065.30774581188,151157.333333333,163818.666666667,9340.972,103.146,3.6,2.19,1.98,1.79666666666667,1.84333333333333,3.1,102.415733333333
"164",2019 Q4,20985.448,14125.274,3770.431,2477.908,3039.834,104.516,104.083,104.147,257.888,2075.80535087503,151641,164537,9488.75999999999,102.899,3.6,1.64333333333333,1.57666666666667,1.79333333333333,1.57666666666667,3.02666666666667,101.8931
"165",2020 Q1,20693.238,13885.947,3673.842,2371.835,2929.668,104.999,104.404,104.589,258.818,2086.18392549597,151739.333333333,163801,9636.477,101.186,3.83333333333333,1.26,1.11,1.37666666666667,1.09,2.91333333333333,100.205
"166",2020 Q2,19056.617,12671.879,3162.976,1870.98,2428.918,104.612,103.988,104.386,256.292,2096.51402228673,133711.666666667,158121.333333333,9005.30599999999,87.478,13,0.06,0.143333333333333,0.686666666666667,0.173333333333333,2.45666666666667,87.4555
"167",2020 Q3,20548.793,13813.007,3747.725,2104.963,2835.521,105.527,104.832,105.177,259.222,2106.57291880092,140614.666666667,160337.333333333,9441.812,94.765,8.8,0.0933333333333333,0.113333333333333,0.65,0.136666666666667,2.23333333333333,95.6081666666667
"168",2020 Q4,20771.691,14008.054,3863.835,2233.569,3040.959,106.244,105.34,105.651,261.092,2116.70899968005,142580,160792.333333333,9809.468,96.844,6.76666666666667,0.09,0.0933333333333333,0.863333333333333,0.116666666666667,2.30333333333333,97.2274666666666
"169",2021 Q1,21058.379,14328.593,3840.228,2235.418,3102.184,107.59,106.529,106.54,263.686,2126.16000363994,143527,160224,9889.82,97.779,6.23333333333333,0.08,0.05,1.31666666666667,0.0833333333333333,2.73,97.5045333333333
"170",2021 Q2,21389.005,14809.081,3777.719,2253.207,3164.663,109.256,108.188,108.082,268.58,2135.59773828993,145157,160946.666666666,10182.486,99.55,5.93333333333333,0.07,0.0266666666666667,1.59333333333333,0.06,2.88333333333333,99.0555666666667
"171",2021 Q3,21571.421,14924.311,3923.193,2258.262,3230.229,110.897,109.681,109.385,272.886,2145.46473790067,147239,161508.666666667,10462.844,101.013,5.06666666666667,0.09,0.0466666666666667,1.32333333333333,0.0766666666666667,2.55,99.7011666666667
"172",2021 Q4,21960.388,15086.943,4175.67,2390.257,3386.276,112.826,111.491,110.811,278.719,2155.82402464885,149185.333333333,162177.333333333,10771.972,102.531,4.2,0.08,0.0533333333333333,1.53666666666667,0.196666666666667,2.65,100.939133333333
"173",2022 Q1,21903.85,15123.357,4250.699,2362.172,3494.255,115.119,113.585,112.465,284.845,2166.76938407152,150742.333333333,163915.333333333,10909.675,103.333,3.83333333333333,0.12,0.306666666666667,1.94,0.963333333333333,3.20333333333333,101.9112
"174",2022 Q2,21919.222,15219.86,4156.79,2433.713,3544.951,117.731,115.673,113.795,291.651,2178.01411058031,151965.333333334,164100.333333333,11012.874,104.026,3.63333333333333,0.77,1.07666666666667,2.93,2.2,4.04333333333333,102.8969
"175",2022 Q3,22066.784,15277.569,4096.015,2517.458,3495.702,119.057,117.014,115.247,295.508,2189.27666083152,153282.666666667,164427.333333334,11296.312,104.748,3.53333333333333,2.19,2.66333333333333,3.10666666666667,3.39666666666667,4.24,103.251133333333
"176",2022 Q4,22249.459,15323.98,4153.817,2510.25,3455.513,120.157,118.172,116.577,298.498,2200.467906819,154153,164707.666666667,11343.14,104.953,3.56666666666667,3.65333333333333,4.04,3.83,4.61333333333333,4.81,102.7922
"177",2023 Q1,22403.435,15510.201,4058.115,2522.456,3448.496,121.251,119.32,117.931,301.192,2211.638,155012.333333333,166324.333333333,11499.275,105.512,3.53333333333333,4.51666666666667,4.62666666666667,3.64666666666667,4.76666666666667,4.52,102.7874
"178",2023 Q2,22539.418,15548.526,4136.632,2491.635,3421.259,121.804,120.182,119.049,303.424,2222.757,155624,166849.333333333,11660.403,105.177,3.53333333333333,4.99,5.07333333333333,3.59333333333333,4.94333333333333,4.59666666666667,102.861966666667
"179",2023 Q3,22780.933,15646.695,4237.303,2521.467,3460.391,122.768,120.983,119.745,306.042,2233.877,156176.333333333,167543,11843.456,105.473,3.66666666666667,5.26,5.29,4.15,5.39333333333333,4.91333333333333,103.158466666667
"180",2023 Q4,22960.6,15781.367,4244.835,2559.591,3496.29,123.241,121.479,120.346,308.158,2245.206,156703.666666667,167756.333333333,11975.364,105.535,3.8,5.33,5.28333333333333,4.44,5.22,5.21,102.6986
"181",2024 Q1,23053.545,15856.867,4282.515,2571.763,3548.749,124.163,122.507,121.458,310.974,2256.661,157279,167578.666666667,12270.74,105.696,3.83333333333333,5.33,5.23333333333333,4.16,4.9,4.97,102.242766666667
"182",2024 Q2,23223.906,15967.266,4369.185,2578.386,3614.047,124.943,123.276,122.296,313.096,2268.266,157792.666666667,167930.666666666,12363.5,105.936,4,5.33,5.24333333333333,4.44333333333333,5.13666666666667,5.22,102.8633
"183",2024 Q3,23400.294,16113.035,4377.736,2638.199,3707.429,125.532,123.747,122.961,314.183,2280.063,158130.333333333,168504.666666667,12477.459,106.268,4.16666666666667,5.26333333333333,4.99,3.94666666666667,4.45333333333333,4.89,102.7087
"184",2024 Q4,23530.909,16280.134,4315.357,2633.058,3699.897,126.219,124.442,123.723,316.539,2292.027,158634.333333333,168426.333333333,12656.954,106.535,4.13333333333333,4.65,4.4,4.28333333333333,4.25333333333333,5.09666666666667,102.3596
"185",2025 Q1,23664.1678378325,16392.0111205921,4340.66199639499,2640.26999369199,3764.63588887514,127.041360486998,125.171916942057,124.532865123496,318.815303728433,2303.8524092084,159020.811997051,168754.40442728,12811.1933604569,106.578464200815,4.20015947654624,4.13938257892293,3.98217316682324,4.08921298358051,3.93237962046626,4.95118510564129,102.184799561866
"186",2025 Q2,23788.9739966971,16535.8843646304,4333.56333192258,2649.76947985721,3832.72650787849,127.930916553967,125.942529399541,125.338652765383,321.062857994819,2316.06869405382,159543.168164387,169233.458785614,12966.266937697,106.852935985136,4.18018762390106,3.83300698275354,3.76639581127745,3.95381113180234,3.76602372815949,4.83225195860354,102.233448323261
"187",2025 Q3,23952.7467125732,16677.8099359973,4364.68306412864,2657.8640274492,3904.68005180304,128.732595524402,126.64941742672,126.150770421378,323.021945428808,2328.41864925842,160215.820928327,169599.791050401,13119.8535136602,107.141149711349,4.1457216275019,3.80849867065614,3.77967905658314,3.82155818206901,3.80738175678597,4.72835555774426,102.255391602013
"188",2025 Q4,24123.9877484847,16804.0966132159,4403.08030917831,2671.50128040298,3988.62941163407,129.553795329478,127.444227512911,126.971480571474,325.485932003634,2340.90197182328,160898.222188967,170079.056960449,13276.2870613055,107.394488412288,4.13114049566246,3.8,3.7663342781068,3.70625540796749,3.78972903034836,4.61239097373875,102.30516070398
"189",2026 Q1,24283.1529552731,16942.8898940888,4422.69572376647,2688.84012939407,4052.29765777903,130.345467729525,128.191334683173,127.74982240594,327.70324949714,2353.83512502674,161552.478055964,170456.692900849,13409.3390691794,107.603154568651,4.10215139749109,3.5144571620664,3.53722181542957,3.47461363905041,3.57571840915425,4.44886571053448,102.408368065844
"190",2026 Q2,24430.3175182553,17080.6604181965,4400.57137506653,2708.94164797592,4106.69774654565,131.098835642081,128.890813637118,128.519098230311,329.788594246978,2366.61539449143,162298.566367996,170871.178946837,13575.3910239271,107.829274656802,4.0464532793957,3.30303772958274,3.41852697785682,3.29403730976742,3.43884137980753,4.32945634709304,102.297359593501
"191",2026 Q3,24582.9752337782,17192.4694694046,4425.29722331841,2723.3817669863,4162.26580796128,131.880846794687,129.660528908723,129.32489157118,332.097899499137,2379.53090522152,162798.724426376,171155.204563893,13710.2040148352,108.011426446594,4.082997924459,3.31253694888228,3.44289145678361,3.28761133930521,3.43027184895625,4.26335960812017,102.406460655248
"192",2026 Q4,24756.4684363623,17335.0790922105,4449.80417669882,2752.28868479819,4236.31661376341,132.639421888051,130.486244275785,130.111444506687,334.515867165541,2392.46537403506,163698.998358469,171663.870323835,13865.2767114976,108.449059690401,4.07517683049839,3.3,3.450434573671,3.19901011738146,3.42939562442058,4.236594968679,102.549378568826
"193",2027 Q1,24890.6342629822,17465.6521106408,4448.84800409089,2784.43982751637,4283.51470716657,133.448484764382,131.350103964472,130.917891491801,336.882521837637,2405.38452015175,164385.907188077,172132.568100254,14041.2797877813,108.802450840193,4.00905794934215,3.3,3.44901189284136,3.17805741903071,3.41307287125393,4.17802519943779,102.803117987208
"194",2027 Q2,25060.7693023813,17587.9859804199,4459.8956177278,2820.95719279918,4350.45212570314,134.25352709576,132.04622718193,131.689648737766,339.276035472602,2418.2537841732,165224.809666538,172472.234430411,14197.290240948,109.114566038727,3.97068222971533,3.3,3.42814561451054,3.13290930466977,3.36253801798391,4.1443721290462,102.956238295415
"195",2027 Q3,25222.1252572746,17690.7101429331,4453.81964255144,2860.30238619337,4396.91146694113,135.070749198135,132.879896228306,132.504014121473,342.013755583367,2431.00796137614,166100.554980788,172957.346429994,14350.3173370872,109.21935725981,3.92545908650421,3.3,3.44220359301651,3.18589066609033,3.38978815569489,4.153872496537,103.106692787991
"196",2027 Q4,25373.5337465194,17812.181182462,4469.40426578725,2887.16797779356,4435.16775690116,135.847195391314,133.715015728243,133.331335873959,344.753724006835,2443.76336003494,166711.020241856,173360.974215248,14500.6831923973,109.291414599357,3.94509606431516,3.3,3.40789895651151,3.08980851354778,3.3152985269015,4.11360108549821,103.213318456988
